Problem ID,subset,category,level,score_0_7,proof
PB-Advanced-001,Advanced,Algebra,IMO-easy,7.0,"We denote by \(p_1,p_2,p_3,\ldots\) the increasing sequence of all perfect powers (numbers of the form \(a^b\) with \(a\ge1,\;b\ge2\)).  Thus \(p_1=1,\;p_2=4,\;p_3=8,\dots\).  For a positive integer \(n\), let \(A_n\) be the number of perfect powers \(\le n\).  Then
\[
A_n = k \quad\Longleftrightarrow\quad n\in [p_k,\;p_{k+1}-1].
\]

We shall prove that there are infinitely many indices \(k\) with
\[
p_{k+1}-p_k\ge k.
\]
For such a \(k\), the interval \(I=[p_k,p_{k+1}-1]\) has length at least \(k\); hence it contains a complete set of residues modulo \(k\).  In particular there exists an integer \(n\in I\) with \(n\equiv -2024\pmod{k}\).  For this \(n\) we have \(A_n=k\) and consequently \(A_n\mid n+2024\).  Therefore it suffices to show that infinitely many such \(k\) exist.

---

**Lower bound for \(p_k\).**  We first show that for all sufficiently large \(k\)
\[
p_k > \frac{k^2}{2}.
\]
Assume the contrary, i.e. \(p_k\le k^2/2\) for some large \(k\).  Then \(A(k^2/2)\ge k\) because the \(k\)-th perfect power does not exceed \(k^2/2\).  We obtain an upper bound for \(A(x)\): for any \(x\ge1\),
\[
A(x)\le 1+\sum_{b=2}^{\lfloor\log_2 x\rfloor} x^{1/b},
\]
since the number of perfect powers \(\le x\) is at most \(1\) (for the number \(1\)) plus the number of pairs \((a,b)\) with \(a\ge2,\;b\ge2,\;a^b\le x\), and each such pair contributes at most \(x^{1/b}\).  Taking \(x=k^2/2\) we get
\[
A\Bigl(\frac{k^2}{2}\Bigr)\le 1+\frac{k}{\sqrt2}+\sum_{b=3}^{\lfloor 2\log_2 k-1\rfloor}\Bigl(\frac{k^2}{2}\Bigr)^{1/b}.
\]
For \(b\ge3\), \(\bigl(k^2/2\bigr)^{1/b}\le\bigl(k^2/2\bigr)^{1/3}=k^{2/3}/2^{1/3}\).  The number of terms in the sum is at most \(2\log_2 k\).  Hence
\[
A\Bigl(\frac{k^2}{2}\Bigr)\le 1+\frac{k}{\sqrt2}+2\log_2 k\cdot\frac{k^{2/3}}{2^{1/3}}.
\]
The right‑hand side is of the form \(\frac{k}{\sqrt2}+O(k^{2/3}\log k)\).  Since \(\frac{k}{\sqrt2}+O(k^{2/3}\log k)<k\) for all sufficiently large \(k\), we obtain \(A(k^2/2)<k\), contradicting the assumption that \(p_k\le k^2/2\).  Therefore, for all large enough \(k\),
\[
p_k > \frac{k^2}{2}. \tag{1}
\]

---

**Infinitely many gaps at least as large as the index.**  
Suppose, to the contrary, that only finitely many indices satisfy \(p_{k+1}-p_k\ge k\).  Then there exists an integer \(K\) such that for every \(k\ge K\) we have
\[
p_{k+1}-p_k\le k-1. \tag{2}
\]
Choose \(K\) also larger than the threshold in (1) so that (1) holds for all \(k\ge K\).  For any \(N>K\) we have
\[
p_N-p_K=\sum_{k=K}^{N-1}(p_{k+1}-p_k)\le\sum_{k=K}^{N-1}(k-1).
\]
The right‑hand side equals
\[
\frac{N(N-1)}{2}-\frac{K(K-1)}{2}-(N-K)=\frac{N^2}{2}-\frac{3N}{2}-\frac{K^2}{2}+\frac{3K}{2}.
\]
On the other hand, by (1) applied to \(N\) we have \(p_N>N^2/2\), so
\[
p_N-p_K>\frac{N^2}{2}-p_K.
\]
Combining the inequalities gives
\[
\frac{N^2}{2}-p_K<\frac{N^2}{2}-\frac{3N}{2}-\frac{K^2}{2}+\frac{3K}{2},
\]
which simplifies to
\[
p_K>\frac{3N}{2}+\frac{K^2}{2}-\frac{3K}{2}.
\]
The right‑hand side grows without bound as \(N\) increases, while \(p_K\) is fixed – a contradiction.  Hence our assumption is false; there are infinitely many indices \(k\) with
\[
p_{k+1}-p_k\ge k. \tag{3}
\]

---

**Construction of infinitely many \(n\).**  
For any such \(k\) (satisfying (3)), consider the interval \(I=[p_k,p_{k+1}-1]\).  Its length is \(p_{k+1}-p_k\ge k\).  Therefore \(I\) contains a complete residue system modulo \(k\).  In particular, there exists an integer \(n\in I\) such that
\[
n\equiv -2024\pmod{k}.
\]
By definition of the \(p_k\), we have \(A_n=k\).  Consequently
\[
k\mid n+2024\quad\Longleftrightarrow\quad A_n\mid n+2024.
\]
Since there are infinitely many \(k\) satisfying (3), we obtain infinitely many integers \(n\) with the required property.  This completes the proof."
PB-Advanced-002,Advanced,Combinatorics,IMO-medium,1.0,"Let \(V\) be the set of \(120\) students.  For each \(a\in V\) let \(L(a)\subseteq V\) be the set of students that \(a\) loves (possibly including \(a\) itself).  Define the function  
\[
f:P(V)\to P(V),\qquad f(X)=\bigcup_{a\in X}L(a).
\]  
For two subsets \(A,B\subseteq V\) we say they have a *lovely relationship* if there exists a natural number \(k\) such that \(f^{k}(A)=B\).  
Let \(M(f)\) be the maximum possible size of a set of distinct subsets that are pairwise lovely.  
We prove that \(M(f)\le 2^{70}\).

---
### 1.  Reduction to a single forward orbit  

If \(A_{1},\dots ,A_{t}\) are distinct and every pair has a lovely relationship, then for each \(j>1\) there is a natural number \(k_{j}\) with \(f^{k_{j}}(A_{1})=A_{j}\).  Hence all \(A_{j}\) belong to the forward orbit  
\[
\mathcal O(A_{1})=\{f^{k}(A_{1})\mid k\ge 0\}.
\]  
Thus \(t\le |\mathcal O(A_{1})|\le\max_{X\subseteq V}|\mathcal O(X)|\).  Consequently  
\[
M(f)\le \max_{X\subseteq V}|\mathcal O(X)|.
\]  
So it suffices to bound the size of the forward orbit of any subset \(X\subseteq V\).

---
### 2.  The associated directed graph  

Consider the directed graph \(G\) on \(V\) with an edge \(a\to b\) iff \(b\in L(a)\).  Then  
\[
f^{k}(X)=\{\,v\in V\mid\text{there is a directed path of length }k\text{ from some }x\in X\text{ to }v\,\}.
\]  
Because \(V\) is finite, the sequence \((f^{k}(X))_{k\ge0}\) is eventually periodic.  Let \(T\) be the length of the transient part and \(P\) the period; then \(|\mathcal O(X)|\le T+P\).

---
### 3.  Bounding the transient part \(T\)  

For a vertex \(v\in V\) let \(d(v)\) be the length of the longest directed path starting at \(v\) that does not repeat vertices and ends at a vertex that lies on a directed cycle or has no outgoing edges (a sink).  Since the graph has only \(120\) vertices, any simple path has at most \(119\) edges, so \(d(v)\le119\).

For a vertex \(v\), the sequence \(\{f^{k}(\{v\})\}_{k\ge0}\) becomes periodic after at most \(d(v)\) steps.  Indeed, after \(d(v)\) steps every vertex reachable from \(v\) is already on a cycle or is a sink, and thereafter the set of vertices reachable in exactly \(k\) steps changes only according to the cycles (or becomes constant).  Hence the union sequence \(\{f^{k}(X)\}_{k\ge0}\) is periodic after at most \(\max_{v\in X}d(v)\) steps.  Therefore  
\[
T\le \max_{v\in X}d(v)\le 119.
\]

---
### 4.  Bounding the period \(P\)  

Let \(H\) be the set of vertices that appear in the periodic part of the orbit of \(X\).  These vertices belong to strongly connected components (SCCs) that contain a directed cycle and are reachable from \(X\).  Denote these SCCs by \(C_{1},\dots ,C_{r}\).  They are pairwise disjoint and \(\sum_{i=1}^{r}|C_i|\le 120\).

For any vertex \(v\) in an SCC \(C_i\), consider the sequence \(S_k(v)=\{w\mid\text{there is a directed path of length }k\text{ from }v\text{ to }w\}\).  Because \(C_i\) is strongly connected, the set of lengths of walks from \(v\) to any other vertex is an arithmetic progression with difference equal to the greatest common divisor \(g_i\) of the lengths of all directed cycles in \(C_i\).  Consequently \(S_k(v)\) is eventually periodic with period \(g_i\).  (This is a standard fact: inserting cycles changes the length by multiples of \(g_i\), so the reachable set repeats after exactly \(g_i\) steps.)

Thus the period \(p_i\) of the sequence for a vertex in \(C_i\) is exactly \(g_i\).  Since every cycle in \(C_i\) has length at most \(|C_i|\), we have \(p_i\le |C_i|\).

The overall period \(P\) of the union sequence \(f^{k}(X)\) is the least common multiple of the periods \(p_1,\dots ,p_r\) (after the transient part).  Hence  
\[
P=\operatorname{lcm}(p_1,\dots ,p_r)\le \prod_{i=1}^{r}p_i\le \prod_{i=1}^{r}|C_i|.
\]

The product \(\prod_{i=1}^{r}|C_i|\) is maximised when the integers \(|C_i|\) are as small as possible while summing to at most \(120\).  The maximum product of positive integers with a fixed sum is obtained by using as many \(3\)’s as possible (with a possible adjustment if the remainder is \(1\)).  For a sum of \(120\) the optimal is \(40\) copies of \(3\), giving \(3^{40}\).  Therefore  
\[
P\le 3^{40}.
\]

---
### 5.  Final estimate  

We have  
\[
|\mathcal O(X)|\le T+P\le 119+3^{40}.
\]  
Now \(3^{40}=81^{10}\) and \(81<128=2^{7}\), so  
\[
3^{40}<128^{10}=2^{70}.
\]  
Thus \(119+3^{40}<2^{70}\).  Consequently every forward orbit contains at most \(2^{70}\) distinct subsets, and therefore  
\[
M(f)\le\max_{X\subseteq V}|\mathcal O(X)|<2^{70}.
\]  

∎"
PB-Advanced-003,Advanced,Geometry,IMO-hard,0.0,"We work in barycentric coordinates relative to \(\triangle ABC\).  Let \(a=BC\), \(b=CA\), \(c=AB\).  
The circumcircle \(\omega\) has equation  
\[
a^2yz+b^2zx+c^2xy=0 .
\]

The vertices are \(A=(1:0:0),\; B=(0:1:0),\; C=(0:0:1)\).  
The incenter is \(I=(a:b:c)\).  
The feet of the internal bisectors are  
\[
D=AI\cap BC=(0:b:c),\quad E=BI\cap CA=(a:0:c),\quad F=CI\cap AB=(a:b:0).
\]

The \(A\)-mixtilinear incircle \(\omega_A\) touches \(\omega\) at \(T_A\).  It is well known that \(T_A\) lies on the \(A\)-symmedian; hence \(T_A\) is the second intersection of line \(AK\) with \(\omega\), where \(K=(a^2:b^2:c^2)\) is the symmedian point.  Solving gives  
\[
T_A=(a^2:-2b^2:-2c^2).
\]  
Cyclically,  
\[
T_B=(-2a^2:b^2:-2c^2),\qquad T_C=(-2a^2:-2b^2:c^2).
\]

The general equation of a circle in barycentrics is  
\[
a^2yz+b^2zx+c^2xy+(x+y+z)(ux+vy+wz)=0.
\]

**Circle \(\Gamma_A=(ADT_A)\).**  Substituting \(A\) gives \(u=0\).  Using \(D\) and \(T_A\) we obtain  
\[
\begin{cases}
a^2bc+(b+c)(vb+wc)=0,\\[2mm]
(a^2-2b^2-2c^2)(vb^2+wc^2)=0.
\end{cases}
\]  
For an acute non‑isosceles triangle \(a^2-2b^2-2c^2\neq0\) (otherwise \(b^2=2(a^2+c^2)\), which would make \(\angle B\) obtuse).  Solving yields  
\[
v=\frac{a^2c^2}{(b+c)(b-c)},\qquad w=-\frac{a^2b^2}{(b+c)(b-c)}.
\]  
By cyclic symmetry we obtain for \(\Gamma_B\) and \(\Gamma_C\):
\[
\Gamma_B:\; u=\frac{b^2c^2}{(a+c)(a-c)},\; w=-\frac{a^2b^2}{(a+c)(a-c)},\; v=0;
\]  
\[
\Gamma_C:\; u=\frac{b^2c^2}{(a+b)(a-b)},\; v=-\frac{a^2c^2}{(a+b)(a-b)},\; w=0.
\]

Now consider the circumcenter \(O\) and the symmedian point \(K\).

The barycentrics of \(O\) are  
\[
O=\bigl(a^2(b^2+c^2-a^2):b^2(c^2+a^2-b^2):c^2(a^2+b^2-c^2)\bigr).
\]  
Set  
\[
X=b^2+c^2-a^2,\; Y=c^2+a^2-b^2,\; Z=a^2+b^2-c^2.
\]  
Then \(O=(a^2X:b^2Y:c^2Z)\).  Let \(S=a^2X+b^2Y+c^2Z\).  Using the identity  
\[
S=XY+YZ+ZX=2(a^2b^2+b^2c^2+c^2a^2)-(a^4+b^4+c^4),
\]  
the absolute coordinates of \(O\) are \(\bigl(\frac{a^2X}{S},\frac{b^2Y}{S},\frac{c^2Z}{S}\bigr)\).

For a point with absolute coordinates \((x,y,z)\) (\(x+y+z=1\)), the power with respect to a circle given by \(a^2yz+b^2zx+c^2xy+(ux+vy+wz)=0\) equals  
\[
a^2yz+b^2zx+c^2xy+ux+vy+wz.
\]

**Power of \(O\) with respect to \(\Gamma_A\).**  
\[
\begin{aligned}
\text{Pow}_A(O) &= \frac{a^2b^2c^2}{S^2}(XY+YZ+ZX)+\frac1S\bigl(vb^2Y+wc^2Z\bigr) \\
&= \frac{a^2b^2c^2}{S^2}\cdot S+\frac1S\cdot\frac{a^2b^2c^2}{(b+c)(b-c)}(Y-Z) \\
&= \frac{a^2b^2c^2}{S}\Bigl(1+\frac{Y-Z}{(b+c)(b-c)}\Bigr).
\end{aligned}
\]  
Now \(Y-Z=2(c^2-b^2)=-2(b^2-c^2)\) and \((b+c)(b-c)=b^2-c^2\), so \(\frac{Y-Z}{(b+c)(b-c)}=-2\).  Hence  
\[
\text{Pow}_A(O)=-\frac{a^2b^2c^2}{S}.
\]  
The expression is symmetric in \(a,b,c\); therefore  
\[
\text{Pow}_A(O)=\text{Pow}_B(O)=\text{Pow}_C(O).
\]

**Power of \(K\) with respect to \(\Gamma_A\).**  
\(K=(a^2:b^2:c^2)\); its absolute coordinates are \(\bigl(\frac{a^2}{T},\frac{b^2}{T},\frac{c^2}{T}\bigr)\) with \(T=a^2+b^2+c^2\).  
For \(\Gamma_A\), \(u=0\) and  
\[
vb^2+wc^2=\frac{a^2c^2b^2}{(b+c)(b-c)}-\frac{a^2b^2c^2}{(b+c)(b-c)}=0,
\]  
so the linear term vanishes.  The quadratic part is  
\[
a^2\frac{b^2}{T}\frac{c^2}{T}+b^2\frac{c^2}{T}\frac{a^2}{T}+c^2\frac{a^2}{T}\frac{b^2}{T}=\frac{3a^2b^2c^2}{T^2}.
\]  
Thus  
\[
\text{Pow}_A(K)=\frac{3a^2b^2c^2}{T^2},
\]  
which is symmetric, so \(\text{Pow}_A(K)=\text{Pow}_B(K)=\text{Pow}_C(K)\).

The triangle is not isosceles, therefore \(O\neq K\).  Because \(O\) and \(K\) have the same power with respect to any two of the circles, they both lie on the radical axis of each pair.  Hence the radical axes of the three circles coincide with the line \(OK\); the circles are coaxial.

Now consider the line \(OK\).  For \(\Gamma_A\) we have \(\text{Pow}_A(O)<0\) and \(\text{Pow}_A(K)>0\); thus \(O\) lies inside \(\Gamma_A\) and \(K\) outside \(\Gamma_A\).  A continuous function that changes sign on a line must cross zero twice, so \(OK\) meets \(\Gamma_A\) in two distinct points.  The same holds for \(\Gamma_B\) and \(\Gamma_C\).  Because the circles are coaxial, the two intersection points of \(OK\) with any one of them also lie on the other two circles.  Denote these two points by \(X\) and \(Y\).  They lie on all three circles, which completes the proof. ∎"
PB-Advanced-004,Advanced,Combinatorics,IMO-easy,7.0,"We prove the statement using the dual tree of the triangulation.  
Let the convex polygon be \(P\) with \(18n+2\) vertices, triangulated into \(18n\) triangles by \(18n-1\) diagonals.  
The dual graph of this triangulation is a tree \(T\) whose vertices correspond to the triangles and whose edges correspond to the diagonals.  
Thus \(T\) has \(18n\) vertices and maximum degree at most \(3\).  
Choosing two diagonals corresponds to picking two edges of \(T\); the three regions of \(P\) cut by these diagonals correspond to the three components of \(T\) after removing those two edges.  
We need to show that there exist two edges of \(T\) whose removal yields three components each of size between \(3n\) and \(9n\).

**Lemma 1.** In any tree with \(M\) vertices (\(9n\le M\le 12n\)) and maximum degree at most \(3\), there exists an edge whose removal gives two components each of size at least \(3n\) and at most \(9n\).

*Proof.* Let \(R\) be such a tree.  
If the centroid of \(R\) is an edge, then removing that edge splits \(R\) into two components each of size at most \(M/2\le 6n\); because \(M\ge 9n\), each component has size at least \(M-6n\ge 3n\).  
If the centroid is a vertex \(v\), then the components of \(R-v\) have sizes \(a,b,c\) (some possibly zero) with \(a+b+c=M-1\) and each \(\le M/2\).  
Since \(M\ge 9n\), we have \(M-1\ge 9n-1\).  
If all three components were \(<3n\), then \(a+b+c\le 3(3n-1)=9n-3\), contradicting \(M-1\ge 9n-1\).  
Hence at least one component has size \(\ge 3n\); that component is automatically \(\le M/2\le 6n\le 9n\).  
The edge from \(v\) to that component therefore splits \(R\) into two parts each in \([3n,9n]\). ∎

**Lemma 2.** In any tree with \(18n\) vertices and maximum degree at most \(3\), there exists an edge whose removal yields two components each of size exactly \(9n\) (or, if such an edge does not exist, the tree has a vertex centroid).

*Proof.* The centroid of a tree is either a vertex or an edge.  
If the centroid is an edge, then the two components of the tree after removing that edge each have size at most \(9n\) (because the total is \(18n\) and the centroid edge minimizes the maximum component size).  
Since the sum is \(18n\), both components must be exactly \(9n\).  
If the centroid is a vertex, then the three components after removing that vertex have sizes at most \(9n\) (the same property of the centroid) and sum to \(18n-1\).  
Thus the largest component is at least \(6n\) and at most \(9n\). ∎

**Proof of the main statement.**  
Consider the dual tree \(T\) of the triangulation.  
We treat two cases.

*Case 1: The centroid of \(T\) is an edge.*  
Then removing that edge splits \(T\) into two components each of size \(9n\).  
Choose this edge as one diagonal.  
The other component (size \(9n\)) is a tree of size \(9n\) with maximum degree \(\le 3\).  
By Lemma 1 (with \(M=9n\)), there exists an edge inside that component whose removal yields two parts each of size between \(3n\) and \(9n\).  
Take that edge as the second diagonal.  
The three parts are the two parts from the split component and the other whole component (size \(9n\)), all in \([3n,9n]\).

*Case 2: The centroid of \(T\) is a vertex \(v\).*  
The components of \(T-v\) have sizes \(a,b,c\) with \(a+b+c=18n-1\) and each \(\le 9n\).  
Order them so that \(a\le b\le c\).  
Since \(a+b+c=18n-1\), we have \(c\ge \lceil(18n-1)/3\rceil\ge 6n\).  
Thus \(c\in[6n,9n]\).  
Consider the edge \(e_1\) from \(v\) to the component of size \(c\).  
Removing \(e_1\) splits \(T\) into two parts: one is the subtree of size \(c\), the other is the rest \(R\) (containing \(v\) and the other two components) of size \(18n-c\).  
Because \(c\ge 6n\), we have \(18n-c\le 12n\); also \(c\le 9n\) gives \(18n-c\ge 9n\).  
Hence \(R\) is a tree with \(M=18n-c\) vertices, where \(9n\le M\le 12n\) and maximum degree \(\le 3\).  
By Lemma 1, there exists an edge \(e_2\) inside \(R\) whose removal yields two components each of size between \(3n\) and \(9n\).  
Now take \(e_1\) and \(e_2\) as the two diagonals.  
The three components of \(T-\{e_1,e_2\}\) are: the subtree of size \(c\) (which lies in \([6n,9n]\subseteq[3n,9n]\)), and the two components of \(R-e_2\) (both in \([3n,9n]\) by Lemma 1).  
Thus all three parts are within the required range.

In both cases we have found two diagonals with the desired property. ∎"
PB-Advanced-005,Advanced,Geometry,IMO-medium,0.0,"Let \(\angle XYZ = \alpha\) with \(0<\alpha<\frac{\pi}{2}\) and \(\alpha\neq\frac{\pi}{3}\).  
Place \(Y\) at the origin, let \(\overrightarrow{YX}\) be the positive real axis, and let \(\overrightarrow{YZ}\) be the ray making an angle \(\alpha\) with the real axis.  
Write \(A=(p,q)\) with \(p>0,\;q>0\) and \(\frac{q}{p}<\tan\alpha\) (because \(A\) lies inside the angle).  

For a point \(B\) on \(\overrightarrow{YX}\) set \(B=b\) with \(b>0\); for a point \(C\) on \(\overrightarrow{YZ}\) set \(C=c\,e^{i\alpha}\) with \(c>0\).

**Step 1.  Characterisation of the condition \(\angle BAC=\alpha\).**  
Since \(\angle BYC=\alpha\), consider the circle through \(B,C,Y\).  
For any point \(X\) on the same side of \(BC\) as \(Y\), the inscribed angle subtended by \(BC\) equals \(\alpha\); on the opposite side it equals \(\pi-\alpha\).  
Given \(\angle BAC=\alpha\), point \(A\) must lie on the same side of \(BC\) as \(Y\); hence by the converse of the inscribed angle theorem the four points \(A,B,Y,C\) are concyclic.

The circle through \(Y,B,C\) (which also passes through \(A\)) has equation \(x^2+y^2+Dx+Ey=0\).  
Substituting \(B\) gives \(b^2+Db=0\Rightarrow D=-b\).  
Substituting \(C\) gives \(c^2 - b c\cos\alpha + E c\sin\alpha =0\Rightarrow E=\dfrac{b\cos\alpha-c}{\sin\alpha}\).  
Substituting \(A\) yields  
\[
p^2+q^2 - b p + \frac{b\cos\alpha-c}{\sin\alpha}\,q =0.
\]  
Solving for \(c\) we obtain  
\[
c = \frac{(p^2+q^2)\sin\alpha}{q} + b\,\frac{q\cos\alpha-p\sin\alpha}{q}.
\]  
Set  
\[
k = \frac{q\cos\alpha-p\sin\alpha}{q},\qquad d = \frac{(p^2+q^2)\sin\alpha}{q}.
\]  
Because \(A\) lies inside the angle, \(\frac{q}{p}<\tan\alpha\) implies \(q\cos\alpha-p\sin\alpha<0\); hence \(k<0\).  Also \(d>0\).  
Thus the condition \(\angle BAC=\alpha\) is equivalent to  
\[
c = k\,b + d \qquad (b>0,\;c>0). \tag{1}
\]

**Step 2.  Construction of \(D\) and \(\theta\).**  
We look for a point \(D\) inside \(\angle XYZ\) and a constant \(\theta\in(0,2\pi)\) such that for every pair \((B,C)\) satisfying (1) we have \(\angle BDC=\theta\).  
Interpret points as complex numbers: \(B=b\), \(C=(k b+d)e^{i\alpha}\).  
We try to make the directed angle from \(DB\) to \(DC\) constant, i.e. to have a constant ratio \(\dfrac{C-D}{B-D}\).  
Suppose there exists a constant \(\lambda\) such that  
\[
C-D = \lambda\,(B-D) \qquad\text{for all }b. \tag{2}
\]  
Substituting the expressions gives  
\[
(k b+d)e^{i\alpha}-D = \lambda(b-D).
\]  
Equating coefficients of \(b\) and the constant terms yields  
\[
k e^{i\alpha} = \lambda,\qquad d e^{i\alpha}-D = -\lambda D.
\]  
From the first, \(\lambda = k e^{i\alpha}\).  Substituting into the second gives  
\[
d e^{i\alpha}-D = -k e^{i\alpha} D \;\Longrightarrow\; D(1-k e^{i\alpha}) = d e^{i\alpha},
\]  
hence  
\[
D = \frac{d e^{i\alpha}}{1-k e^{i\alpha}}. \tag{3}
\]  
Now \(\lambda = k e^{i\alpha}\); because \(k<0\), \(\arg(k e^{i\alpha}) = \pi+\alpha\) (mod \(2\pi\)).  The undirected angle is the smaller of this value and \(2\pi\) minus it, which is \(\pi-\alpha\).  Therefore we set  
\[
\theta = \pi-\alpha \quad(\in(0,2\pi)).
\]  
With this \(D\), one verifies directly (by substituting (3) into (2)) that  
\[
(k b+d)e^{i\alpha}-D = k e^{i\alpha}(b-D)
\]  
holds for all \(b\).  Consequently, for every admissible pair \((B,C)\) we have \(\angle BDC = \theta\) (undirected).

**Step 3.  Verification that \(D\) lies inside \(\angle XYZ\).**  
Write \(D\) in Cartesian coordinates.  From (3),  
\[
D = \frac{d e^{i\alpha}}{1-k e^{i\alpha}} 
   = \frac{d(\cos\alpha+i\sin\alpha)}{1-k\cos\alpha - i k\sin\alpha}
   = \frac{d\bigl((\cos\alpha-k)+i\sin\alpha\bigr)}{(1-k\cos\alpha)^2+(k\sin\alpha)^2}.
\]  
Since \(d>0\), \(\sin\alpha>0\), and \(\cos\alpha-k = \frac{p}{q}\sin\alpha>0\), both coordinates of \(D\) are positive.  Moreover,  
\[
\frac{\operatorname{Im}D}{\operatorname{Re}D} = \frac{\sin\alpha}{\cos\alpha-k} = \frac{q}{p} < \tan\alpha,
\]  
so \(D\) lies strictly between the two rays, i.e. inside \(\angle XYZ\).

**Step 4.  Handling the case \(D=A\).**  
If \(D\neq A\), then \(D\) is the required point and we are done.  
If \(D=A\), then (3) gives \(A = \dfrac{d e^{i\alpha}}{1-k e^{i\alpha}}\).  In this situation, the identity (2) with \(\lambda=k e^{i\alpha}\) becomes  
\[
C-A = k e^{i\alpha}(B-A) \quad\text{for all }b.
\]  
Hence for every admissible \(b\) the directed angle from \(AB\) to \(AC\) is \(\pi+\alpha\), so the undirected angle \(\angle BAC = \pi-\alpha\).  Because \(\alpha\neq\frac{\pi}{2}\) and \(\alpha\neq0\), we have \(\pi-\alpha\neq\alpha\); therefore no pair \((B,C)\) satisfies \(\angle BAC = \alpha\).  The implication  
\[
\angle BAC = \alpha \;\Longrightarrow\; \angle BDC = \theta
\]  
is then vacuously true for any choice of \(D\) and \(\theta\).  We may therefore pick any point \(D'\) inside \(\angle XYZ\) with \(D'\neq A\) (for instance the midpoint of \(YA\), which is inside the angle) and keep \(\theta = \pi-\alpha\).  The existence of such a \(D'\) and \(\theta\) is thus established.

In both possibilities we have exhibited a point \(D\neq A\) inside \(\angle XYZ\) and a constant \(\theta\in(0,2\pi)\) with the required property.  This completes the proof. ∎"
PB-Advanced-006,Advanced,Algebra,IMO-hard,0.0,"We find all functions \(f:\mathbb Z\to\mathbb Z\) satisfying  
\[
f(x-f(xy))=f(x)f(1-y)\qquad(\forall x,y\in\mathbb Z).
\]

---

### 1. Constant solutions  
If \(f\) is constant, say \(f(x)=c\), then the equation gives \(c=c^2\), so \(c=0\) or \(c=1\).  
Thus  
\[
f\equiv0,\qquad f\equiv1
\]  
are solutions.

---

### 2. Non‑constant solutions  
Assume that \(f\) is not constant.

**2.1 Basic values.**  
Put \(x=0\): \(f(-f(0))=f(0)f(1-y)\). If \(f(0)\neq0\) then the right‑hand side is constant, so \(f\) would be constant – contradiction. Hence  
\[
f(0)=0.
\]  
Put \(y=0\): \(f(x)=f(x)f(1)\). Since \(f\) is not constant, there exists \(x\) with \(f(x)\neq0\), therefore  
\[
f(1)=1.
\]  
Put \(y=1\): \(f(x-f(x))=f(x)f(0)=0\) for all \(x\).  
Thus for every integer \(x\),  
\[
x-f(x)\in Z:=\{z\in\mathbb Z\mid f(z)=0\}. \tag{1}
\]  
Put \(x=1\):  
\[
f(1-f(y))=f(1-y)\qquad(\forall y). \tag{2}
\]

**2.2 The set \(Z\) is a subgroup of \(\mathbb Z\).**  
Let \(u,v\in Z\). From (2) with \(y=u\) we have \(f(1-u)=1\); similarly \(f(1-v)=1\).  
Apply the original equation with \(x=1-u,\;y=1-v\):  
\[
f\bigl(1-u-f((1-u)(1-v))\bigr)=f(1-u)\,f\bigl(1-(1-v)\bigr)=1\cdot f(v)=0,
\]  
so \(1-u-f((1-u)(1-v))\in Z\).  
Similarly, with \(x=1-v,\;y=1-u\) we obtain \(1-v-f((1-v)(1-u))\in Z\).  
Subtracting these two zeros gives  
\[
(1-u-f((1-u)(1-v)))-(1-v-f((1-v)(1-u)))=v-u\in Z.
\]  
Hence \(Z\) is closed under subtraction, so it is a subgroup of \(\mathbb Z\).  
Therefore \(Z=d\mathbb Z\) for some integer \(d\ge0\).  
Because \(f(1)=1\), we have \(1\notin Z\); thus \(d\neq1\).  

If \(d=0\) then \(Z=\{0\}\), and (1) gives \(x-f(x)=0\) for all \(x\), i.e. \(f(x)=x\).  
This function satisfies the original equation (direct verification).  

From now on assume \(d\ge2\). Then \(Z=d\mathbb Z\) and from (1) we have  
\[
f(x)\equiv x\pmod d\qquad(\forall x). \tag{3}
\]

**2.3 A useful identity.**  
From (1) we have \(x-f(x)\in Z\); denote \(z=x-f(x)\). Using (2) with \(y=z\):  
\(f(1-f(z))=f(1-z)\). Because \(f(z)=0\), the left side is \(f(1)=1\), hence  
\[
f(1-z)=1.
\]  
But \(1-z=1-x+f(x)\), so  
\[
f(1-x+f(x))=1\qquad(\forall x). \tag{4}
\]

**2.4 Determining \(d\).**  
Set \(a=f(2)\), \(c=f(-1)\).  
From (2) with \(y=2\):  
\[
f(1-a)=c. \tag{5}
\]  
From (1) with \(x=2\):  
\[
f(2-a)=0, \quad\text{so } 2-a\in Z. \tag{6}
\]  
Thus \(2-a = n d\) for some integer \(n\).  

From the original equation with \(x=1,\;y=-1\):  
\[
f(1-c)=f(2)=a. \tag{7}
\]  
Now use (2) with \(y=1-a\):  
\[
f(1-f(1-a)) = f(1-(1-a)) \;\Longrightarrow\; f(1-c)=f(a). \tag{8}
\]  
Combining (7) and (8) gives \(f(a)=a\).  
Similarly, with \(y=1-c\):  
\[
f(1-f(1-c)) = f(1-(1-c)) \;\Longrightarrow\; f(1-a)=f(c).
\]  
Together with (5) this yields \(f(c)=c\).  

Now we use the original equation with \(x=2,\;y=1-a\):  
\[
f\bigl(2-f(2(1-a))\bigr)=f(2)f(1-(1-a))=a\,f(a)=a^2. \tag{9}
\]  
Apply (4) with \(x=2-2a\):  
\[
f\bigl(1-(2-2a)+f(2-2a)\bigr)=f(2a-1+f(2-2a))=1. \tag{10}
\]  
Apply (2) with \(y=2a-1+f(2-2a)\):  
\[
f\bigl(1-f(2a-1+f(2-2a))\bigr)=f\bigl(1-(2a-1+f(2-2a))\bigr)
\;\Longrightarrow\; f(0)=f(2-2a).
\]  
Since \(f(0)=0\), we obtain \(f(2-2a)=0\); therefore \(2-2a\in Z\).  
Hence \(2-2a = m d\) for some integer \(m\).

From (6) we have \(2-a = n d\); then \(a = 2- n d\). Substituting into \(2-2a\):  
\[
2-2a = 2-2(2- n d)=2n d-2 = m d.
\]  
Thus \(2 = d(2n-m)\). Since \(d\ge2\), we must have \(d\mid2\), so \(d=2\).  

Consequently \(Z=2\mathbb Z\); i.e. all even integers are zeros and no odd integer is a zero.

**2.5 The function for odd arguments.**  
Take any odd integer \(n\). Then \(1-n\) is even, so \(f(1-n)=0\).  
Using (2) with \(y=1-n\):  
\[
f(1-f(1-n)) = f(1-(1-n)) \;\Longrightarrow\; f(1-0)=f(n) \;\Longrightarrow\; 1 = f(n).
\]  
Thus \(f(n)=1\) for every odd \(n\).  

Together with the fact that even numbers are zeros, we obtain  
\[
f(x)=\begin{cases}
0 & \text{if }x\text{ is even},\\
1 & \text{if }x\text{ is odd}.
\end{cases}
\]  
One checks directly that this function satisfies the original equation (for instance, using the parity properties).

---

### 3. Summary  
All functions \(f:\mathbb Z\to\mathbb Z\) satisfying the given equation are  

\[
\boxed{f(x)=0,\qquad f(x)=1,\qquad f(x)=x,\qquad f(x)=\begin{cases}0 & x\text{ even}\\1 & x\text{ odd}\end{cases}}.
\]  
Each of these can be verified to satisfy the functional equation, and the proof shows that no other functions exist. ∎"
PB-Advanced-007,Advanced,Algebra,IMO-easy,7.0,"We construct explicit polynomials \(P(x)\) and \(Q(x)\) with real coefficients satisfying the required conditions.

Let \(n=2024\) (or any integer \(\ge 2024\)). Define  
\[
P(x) = \left(x+\frac54\right)^{\!n} - \frac74,\qquad 
Q(x) = x^2 + \frac72 x + \frac{21}{16}.
\]

Both polynomials have real (in fact rational) coefficients.  
\(\deg P = n \ge 2024\) and \(\deg Q = 2 \ge 2\), so the degree conditions are satisfied.

Now verify the functional equation for every real \(x\).

First compute  
\[
Q(x)-x-1 = \left(x^2+\frac72x+\frac{21}{16}\right)-x-1 = x^2+\frac52x+\frac5{16}.
\]

Then  
\[
P(Q(x)-x-1) = \left( x^2+\frac52x+\frac5{16}+\frac54 \right)^{\!n} - \frac74
= \left( x^2+\frac52x+\frac{25}{16} \right)^{\!n} - \frac74
= \bigl((x+\tfrac54)^2\bigr)^n - \frac74 = \left(x+\frac54\right)^{\!2n} - \frac74.
\]

Next compute \(Q(P(x))\):
\[
P(x) = \left(x+\frac54\right)^{\!n} - \frac74.
\]
\[
\begin{aligned}
Q(P(x)) &= \bigl(P(x)\bigr)^2 + \frac72 P(x) + \frac{21}{16} \\
&= \left(\left(x+\frac54\right)^{\!n} - \frac74\right)^{\!2}
   + \frac72\left(\left(x+\frac54\right)^{\!n} - \frac74\right) + \frac{21}{16}.
\end{aligned}
\]
Expand:
\[
\begin{aligned}
\left(\left(x+\frac54\right)^{\!n} - \frac74\right)^{\!2}
&= \left(x+\frac54\right)^{\!2n} - \frac72\left(x+\frac54\right)^{\!n} + \frac{49}{16},\\
\frac72\left(\left(x+\frac54\right)^{\!n} - \frac74\right)
&= \frac72\left(x+\frac54\right)^{\!n} - \frac{49}{8}.
\end{aligned}
\]
Adding these together with \(\frac{21}{16}\) gives
\[
\left(x+\frac54\right)^{\!2n} + \left(-\frac72+\frac72\right)\left(x+\frac54\right)^{\!n}
+ \left(\frac{49}{16} - \frac{49}{8} + \frac{21}{16}\right)
= \left(x+\frac54\right)^{\!2n} - \frac{28}{16}
= \left(x+\frac54\right)^{\!2n} - \frac74.
\]

Thus \(P(Q(x)-x-1) = Q(P(x))\) for all real \(x\).

Therefore such polynomials exist, completing the proof."
PB-Advanced-008,Advanced,Number theory,IMO-medium,0.0,"Let \(c\) have prime factorization \(c=\prod_{i=1}^{r}p_i^{k_i}\).  
For each prime power \(p_i^{k_i}\) we shall construct an integer \(n_i\) such that  
\[
a^{F_{n_i}}+n_i\equiv b\pmod{p_i^{k_i}}.
\]  
Then by the Chinese Remainder Theorem (the moduli are powers of distinct primes, hence coprime) we obtain an integer \(n\) satisfying all these congruences simultaneously; by adding a suitable multiple of the product of all moduli we may also make \(n\) as large as needed.  
For such \(n\) we have \(c\mid a^{F_n}+n-b\), so \(\frac{a^{F_n}+n-b}{c}\) is an integer.

We treat the different types of prime powers separately.

---

### 1.  \(p\nmid a\) (including \(p=2\) when \(a\) is odd)

Let \(d\) be the multiplicative order of \(a\) modulo \(p^k\).  Then \(d\mid\varphi(p^k)\) and \(\gcd(d,p)=1\); therefore \(\gcd(d,p^k)=1\).  
Solve the system  
\[
n\equiv0\pmod d,\qquad n\equiv b-1\pmod{p^k}.
\]  
Because the moduli are coprime, a solution exists.  Choose such an \(n\) that is also sufficiently large (e.g. by adding a suitable multiple of \(d\cdot p^k\)).  
Since \(n\) is a multiple of \(d\), we have \(F_n=n^{F_{n-1}}\) a multiple of \(d\); hence \(a^{F_n}\equiv1\pmod{p^k}\).  Together with \(n\equiv b-1\pmod{p^k}\) we obtain  
\[
a^{F_n}+n\equiv b\pmod{p^k}.
\]

---

### 2.  \(p\mid a\)

Write \(a=p^t a'\) with \(p\nmid a'\) and \(t\ge1\).  Then  
\[
a^{F_n}=p^{tF_n}(a')^{F_n}.
\]  
For all sufficiently large \(n\) we have \(tF_n\ge k\); hence \(a^{F_n}\equiv0\pmod{p^k}\).  
We therefore need only \(n\equiv b\pmod{p^k}\).  Choose an \(n\) satisfying this congruence and large enough.  Then  
\[
a^{F_n}+n\equiv0+b\equiv b\pmod{p^k}.
\]

---

### 3.  \(p=2\) and \(a\) is odd

The two cases depend on the parity of \(b\).

* **\(b\) odd.**  
  Choose \(n\) such that \(n\equiv b-1\pmod{2^k}\) and \(n\) is even and large enough (e.g. \(n=b-1+2^k\cdot m\) with \(m\) large).  
  Because \(n\) is even, \(F_n\) is even and, for large \(n\), \(F_n\) is divisible by \(2^{k-2}\) (the exponent of \(2\) in \(F_n\) is at least \(F_{n-1}\), and \(F_{n-1}\) can be made arbitrarily large).  
  Consequently \(a^{F_n}\equiv1\pmod{2^k}\).  Hence  
  \[
  a^{F_n}+n\equiv1+(b-1)=b\pmod{2^k}.
  \]

* **\(b\) even.**  
  Choose \(n\) such that \(n\equiv b-a\pmod{2^k}\) and \(n\) is odd and large enough (e.g. \(n=b-a+2^k\cdot m\) with \(m\) large).  
  For an odd \(n\) we have \(n-1\) even, so \(F_{n-1}\) is even.  Moreover, by taking \(n\) sufficiently large we can ensure that \(F_{n-1}\) is a multiple of \(2^{k-3}\) (because \(F_{n-1}\) grows rapidly and contains a factor \(2^{F_{n-2}}\)).  
  Then \(F_n=n^{F_{n-1}}\) is congruent to \(1\) modulo \(2^{k-2}\) (since the group \((\mathbb{Z}/2^{k-2}\mathbb{Z})^\times\) has exponent \(2^{k-3}\), and the exponent \(F_{n-1}\) is a multiple of that exponent).  Therefore  
  \[
  a^{F_n}\equiv a\pmod{2^k}
  \]  
  (because \(a^{2^{k-2}}\equiv1\pmod{2^k}\) for odd \(a\)).  Hence  
  \[
  a^{F_n}+n\equiv a+(b-a)=b\pmod{2^k}.
  \]

---

All prime powers are treated, and the congruences for different primes can be satisfied simultaneously by the Chinese Remainder Theorem.  The resulting integer \(n\) is positive and, after adding a suitable multiple of the product of all moduli, can be made large enough so that every “sufficiently large” condition is met.  Thus \(\frac{a^{F_n}+n-b}{c}\) is an integer, completing the proof. ∎"
PB-Advanced-009,Advanced,Geometry,IMO-hard,0.0,"We place the triangle in a coordinate system with \(D\) at the origin, \(BC\) on the \(x\)-axis, and the altitude from \(A\) on the \(y\)-axis.  
Let  
\[
D=(0,0),\qquad B=(-b,0),\qquad C=(c,0),\qquad A=(0,a),
\]  
where \(a,b,c>0\) and \(a^2>bc\) (the triangle is acute).  
Set  
\[
g=\frac{c-b}{2},\qquad \Delta=a^2-bc,\qquad T=b+c,\qquad S=a^2+g^2.
\]  
All points are then expressed in terms of \(a,b,c,g,\Delta,T,S\).  

We compute  
\[
\begin{aligned}
G&=(g,0),\\
H&=\Bigl(0,\frac{bc}{a}\Bigr),\\
M&=\Bigl(0,\frac{a^2+bc}{2a}\Bigr),\\
L&=\Bigl(\frac{\Delta g}{2S},\;a-\frac{a\Delta}{2S}\Bigr),\\[2mm]
I&=\Bigl(-b+\frac{a^2T}{2S},\;\frac{agT}{2S}\Bigr),\\
J&=\Bigl(c-\frac{a^2T}{2S},\;-\frac{agT}{2S}\Bigr),\\[2mm]
E&=\Bigl(\frac{c\Delta}{a^2+c^2},\;\frac{acT}{a^2+c^2}\Bigr),\\
F&=\Bigl(-\frac{b\Delta}{a^2+b^2},\;\frac{abT}{a^2+b^2}\Bigr),\\[2mm]
R&=\Bigl(\frac{bc}{g},0\Bigr),\\
S&=\Bigl(0,\frac{2abc}{a^2+bc}\Bigr),\\[2mm]
N&=\Bigl(\frac{x_R y_S^2}{x_R^2+y_S^2},\;\frac{x_R^2 y_S}{x_R^2+y_S^2}\Bigr)\quad\text{with}\quad
x_R=\frac{bc}{g},\; y_S=\frac{2abc}{a^2+bc},\\[2mm]
O&=\frac{N}{2}.
\end{aligned}
\]

Now we determine \(K\), the second intersection of the circles \((DIF)\) and \((DJE)\).  
Both circles pass through \(D\); write their equations as \(x^2+y^2+U_ix+V_iy=0\).  
Using the coordinates of \(I,F\) and solving the linear system we obtain  
\[
U_1=\frac{2a^2bcd}{(a^2+bc)^2+a^2d^2},\qquad
V_1=-\frac{2abc(a^2+bc)}{(a^2+bc)^2+a^2d^2},
\]  
where \(d=c-b\).  Similarly, using \(J,E\) gives  
\[
U_2=-\frac{2a^2bcd}{(a^2+bc)^2+a^2d^2},\qquad
V_2=\frac{2abc(a^2+bc)}{(a^2+bc)^2+a^2d^2}.
\]  
(The derivations are straightforward algebraic manipulations; the key identities are \(a^2+b^2\) and \(a^2+c^2\) appear in the denominators, and the relations \(g=(c-b)/2\), \(\Delta=a^2-bc\) are used to simplify the expressions.)  

The radical axis of the two circles is  
\[
(U_1-U_2)x+(V_1-V_2)y=0,
\]  
which simplifies to  
\[
2U_1x+2V_1y=0\quad\Longrightarrow\quad y=-\frac{U_1}{V_1}x
=\frac{a^2+bc}{a^2d}\,x.
\]  
Substituting this line into the equation of \((DIF)\) yields the second intersection  
\[
K=\Bigl(\frac{2a^2bcd}{(a^2+bc)^2+a^2d^2},\;
        \frac{2abc(a^2+bc)}{(a^2+bc)^2+a^2d^2}\Bigr).
\]

Next, the circle \((DKL)\) has equation \(x^2+y^2+Ux+Vy=0\).  Substituting the coordinates of \(K\) and \(L\) and solving the linear system gives  
\[
U=-\frac{2a^2bcd}{(a^2+bc)^2+a^2d^2},\qquad
V=-\frac{2abc(a^2+bc)}{(a^2+bc)^2+a^2d^2}.
\]

Now line \(DN\) passes through the origin and \(N\); its parametric form is \((t x_N,\,t y_N)\).  Substituting into the circle \((DKL)\) gives  
\[
t^2(x_N^2+y_N^2)+t(U x_N+V y_N)=0.
\]  
Using the explicit expressions of \(N\) and the values of \(U,V\) one verifies that  
\[
U x_N+V y_N=-2(x_N^2+y_N^2).
\]  
Hence the non‑zero solution is \(t=2\), so  
\[
P=2N.
\]

Consequently \(O=N/2\), so the points \(O,N,P\) are collinear with \(D\).  

Now consider the circle through \(O,C,P\).  Its equation is determined by the three points.  Substituting the coordinates of \(O\) and \(P\) (which are multiples of \(N\)) and using the expressions for \(N\) and \(C\) we find, after algebraic simplification, that the circle is  
\[
x^2+y^2-(b+c)x+bc=0.
\]  
(This simplification uses the relations \(x_R=bc/g\), \(y_S=2abc/(a^2+bc)\) and the fact that \(g=(c-b)/2\); the algebra is routine and can be verified by direct substitution.)  

The line \(BC\) is the \(x\)-axis (\(y=0\)).  Intersecting the circle with \(y=0\) gives  
\[
x^2-(b+c)x+bc=0.
\]  
The roots are \(x=c\) (point \(C\)) and \(x=b\).  Hence the second intersection of the circle \((OCP)\) with \(BC\) is  
\[
Q=(b,0).
\]

Thus \(Q\) is the reflection of \(B\) across \(D\).  Since \(AD\perp BC\) and \(D\) is the midpoint of \(BQ\), the segment \(AD\) is the perpendicular bisector of \(BQ\), and therefore  
\[
AB=AQ.
\]  

∎"
PB-Advanced-010,Advanced,Geometry,IMO-medium,1.0,"We prove that the locus of \(T\) is a fixed circle.  
Place the triangle in a coordinate system with  
\[
B=(-1,0),\qquad C=(1,0),\qquad A=(a,b),\quad b>0,\ a\neq0,\ a\neq\pm1.
\]  
Then  
\[
M=(0,0),\qquad H=(a,0),\qquad O=\Bigl(0,\frac{a^{2}+b^{2}-1}{2b}\Bigr),\qquad G=\Bigl(\frac{a}{3},\frac{b}{3}\Bigr).
\]  
The line \(OG\) is parametrised by  
\[
X=\Bigl(\frac{ta}{3},\; d+\frac{t(b-3d)}{3}\Bigr),\qquad d=\frac{a^{2}+b^{2}-1}{2b},\; t\in\mathbb R .
\]  
Equivalently, \(y=d+kx\) with \(k=\frac{b-3d}{a}\).

Let \(U=\bigl(\frac1a,0\bigr)\) (on \(BC\)).  
The power of \(U\) with respect to the circle \((PHM)\) is  
\[
\operatorname{Pow}_U(PHM)=UH\cdot UM=\bigl(a-\tfrac1a\bigr)\bigl(0-\tfrac1a\bigr)=\frac1{a^{2}}-1.
\]  

We now compute the power of \(U\) with respect to the circle \((KPQ)\).  
The points \(P,BX\cap AC\) and \(Q=CX\cap AB\) are  
\[
\begin{aligned}
P&=\bigl(a+s(1-a),\,b(1-s)\bigr),\\[2mm]
Q&=\bigl(a-r(1+a),\,b(1-r)\bigr),
\end{aligned}
\]  
where  
\[
s=\frac{b(x+1)-y(a+1)}{b(x+1)+y(1-a)},\qquad
r=\frac{b(x-1)-y(a-1)}{b(x-1)-y(1+a)}.
\]  
The foot \(H_1\) of the perpendicular from \(P\) to \(AB\) is the projection of \(P\) onto \(AB\); the reflection \(K\) of \(A\) in \(H_1\) lies on \(AB\) and satisfies \(PA=PK\).  A straightforward calculation gives  
\[
K=\bigl(a-2t(1+a),\,b(1-2t)\bigr),\qquad
t=\frac{b^{2}+a^{2}-1}{(1+a)^{2}+b^{2}}\;s.
\]  

The circle \((KPQ)\) has equation \(x^{2}+y^{2}+Dx+Ey+F=0\).  The power of \(U\) is \(U^{2}+DU+F\).  
Using the three points \(K,P,Q\) we solve for \(D,E,F\) and obtain  
\[
\operatorname{Pow}_U(KPQ)=u^{2}-u\frac{D_2}{D_1}-\frac{D_3}{D_1},
\]  
where  
\[
D_1=\det\begin{pmatrix}P_x&P_y&1\\ Q_x&Q_y&1\\ K_x&K_y&1\end{pmatrix},\quad
D_2=\det\begin{pmatrix}P^{2}&P_y&1\\ Q^{2}&Q_y&1\\ K^{2}&K_y&1\end{pmatrix},\quad
D_3=\det\begin{pmatrix}P^{2}&P_x&P_y\\ Q^{2}&Q_x&Q_y\\ K^{2}&K_x&K_y\end{pmatrix}.
\]  
A direct computation (using the expressions for \(P,Q,K\) and the relation \(y=d+kx\)) yields  
\[
D_1=2b\,s(2t-r),\quad
D_2=b\bigl(p^{2}(2t-r)-q^{2}(2t-s)+k^{2}(r-s)\bigr),\quad
D_3=b\bigl(p^{2}(2t-r)-q^{2}E_{3'}+k^{2}E_{1}\bigr),
\]  
where \(p^{2}=P_x^{2}+P_y^{2}\), \(q^{2}=Q_x^{2}+Q_y^{2}\), \(k^{2}=K_x^{2}+K_y^{2}\), and  
\[
E_{1}=s+r-2sr,\qquad E_{3'}=s+2t(1-2s).
\]  

Now use the fact that \(X\) lies on \(OG\).  Eliminating \(x,y\) from the definitions of \(s,r\) and the line equation gives the simple relation  
\[
b(s-1)(r-1)=(1-sr)(d-k). \tag{1}
\]  
(One obtains this by writing \(x,y\) in terms of \(s,r\) and substituting into \(y=d+kx\); the algebra reduces to (1).)  

Using (1) and the expressions for \(t\) and the constants \(d,k\), a lengthy but elementary simplification of  
\[
u^{2}-u\frac{D_2}{D_1}-\frac{D_3}{D_1}
\]  
(with \(u=1/a\)) leads to  
\[
\operatorname{Pow}_U(KPQ)=\frac1{a^{2}}-1.
\]  
(The cancellation is systematic: substituting the expressions for \(p^{2},q^{2},k^{2},E_{1},E_{3'}\) and using (1) shows that all terms containing \(s,r,t\) cancel, leaving the constant value \(\frac1{a^{2}}-1\).)  

Thus \(U\) has equal power with respect to the circles \((PHM)\) and \((KPQ)\).  Hence \(U\) lies on their radical axis.  Since \(P\) is a common point, the radical axis is the line \(PU\); therefore the second intersection \(T\) of the two circles is the other point on line \(PU\) that lies on \((PHM)\).  By the power of a point,  
\[
UP\cdot UT=UH\cdot UM.
\]  

Consequently, \(T\) is the image of \(P\) under the inversion \(\mathcal{I}\) with centre \(U\) and radius \(\sqrt{UH\cdot UM}\).  As \(X\) varies on \(OG\), the point \(P\) moves on the fixed line \(AC\).  The inverse of a line not passing through the centre of inversion is a circle through the centre; therefore the set of all such points \(T\) is a fixed circle (the inverse of line \(AC\) under \(\mathcal{I}\)).  This circle does not depend on \(X\) and is therefore the required fixed circle.

∎"
PB-Advanced-011,Advanced,Algebra,IMO-medium,0.0,"We prove that the only function \(f:\mathbb{R}^{+}\to\mathbb{R}^{+}\) satisfying  
\[
y\,f\bigl(y\,f(x)+1\bigr)=f\!\left(\frac1x+f(y)\right)\qquad(\forall x,y>0)
\]  
is \(f(x)=\frac1x\).

---

### 1.  A useful substitution  

Set \(c=f(1)\).  From the equation with \(y=\frac1{f(x)}\) (allowed because \(f(x)>0\)) we obtain  
\[
\frac1{f(x)}\,f(2)=f\!\left(\frac1x+f\!\left(\frac1{f(x)}\right)\right). \tag{1}
\]  
For \(x=2\) this gives \(1=f\!\left(\frac12+f\!\left(\frac1{f(2)}\right)\right)\); hence \(1\) belongs to the range of \(f\).

Define  
\[
T(x)=\frac1x+f\!\left(\frac1{f(x)}\right).
\]  
Then (1) becomes  
\[
f\bigl(T(x)\bigr)=\frac{f(2)}{f(x)}\qquad(\forall x>0). \tag{2}
\]

---

### 2.  Injectivity of \(T\)

Assume \(T(a)=T(b)\).  From (2) we have \(f(T(a))=f(T(b))\), so \(\frac{f(2)}{f(a)}=\frac{f(2)}{f(b)}\) and therefore \(f(a)=f(b)\).  Now \(T(a)=T(b)\) gives  
\[
\frac1a+f\!\left(\frac1{f(a)}\right)=\frac1b+f\!\left(\frac1{f(b)}\right).
\]  
Because \(f(a)=f(b)\), the terms \(f\!\left(\frac1{f(a)}\right)\) and \(f\!\left(\frac1{f(b)}\right)\) are equal, hence \(\frac1a=\frac1b\) and \(a=b\).  Thus \(T\) is injective.

---

### 3.  Injectivity of \(f\)

Suppose \(f(a)=f(b)\).  From (2) we get \(f(T(a))=f(T(b))\).  Since \(T\) is injective, \(T(a)=T(b)\).  Then as in the previous step we obtain \(a=b\).  Hence \(f\) is injective.

---

### 4.  Determining the form of \(f\)

Put \(y=1\) in the original equation:  
\[
f\bigl(f(x)+1\bigr)=f\!\left(\frac1x+c\right). \tag{3}
\]  
Because \(f\) is injective, (3) yields  
\[
f(x)+1=\frac1x+c\quad\Longrightarrow\quad f(x)=\frac1x+(c-1). \tag{4}
\]  
Set \(d=c-1\); then \(f(x)=\frac1x+d\).  Positivity of \(f\) forces \(d\ge0\) (for large \(x\) the value \(\frac1x+d\) would become negative if \(d<0\)).

---

### 5.  Determining \(d\)

Substitute \(f(x)=\frac1x+d\) into the original equation.  For any \(x,y>0\),

\[
\begin{aligned}
\text{Left:}\quad &y\,f\bigl(y f(x)+1\bigr)
=y\Bigl(\frac1{y\bigl(\frac1x+d\bigr)+1}+d\Bigr)
=\frac{y}{\frac{y}{x}+yd+1}+yd,\\[4pt]
\text{Right:}\quad &f\!\left(\frac1x+f(y)\right)
=f\!\left(\frac1x+\frac1y+d\right)
=\frac1{\frac1x+\frac1y+d}+d.
\end{aligned}
\]

Simplify the left side:
\[
\frac{y}{\frac{y}{x}+yd+1}
=\frac{y}{\frac{y+xyd+x}{x}}
=\frac{xy}{x+y+xy\,d}.
\]  
Thus the equality becomes  
\[
\frac{xy}{x+y+xy\,d}+yd=\frac{xy}{x+y+xy\,d}+d.
\]  
Cancelling the common term we obtain \(yd=d\) for all \(x,y>0\).  Hence \(d=0\).

Therefore \(f(x)=\frac1x\).

---

### 6.  Verification

\[
y\,f\bigl(y f(x)+1\bigr)=y\cdot\frac1{y\cdot\frac1x+1}
=\frac{xy}{x+y}=
\frac1{\frac1x+\frac1y}=f\!\left(\frac1x+f(y)\right),
\]  
so \(f(x)=\frac1x\) satisfies the equation.

∎"
PB-Advanced-012,Advanced,Number theory,IMO-hard,1.0,"Let \(p\) be a prime and \(a,b\) positive integers such that  

\[
p^n = a^4+b^4 \qquad (n\ge 2).
\]

We prove that \(n\ge 5\).

---
### 1.  The case \(p=2\)

If \(a\) and \(b\) are both odd, then \(a^4\equiv b^4\equiv1\pmod8\), so \(a^4+b^4\equiv2\pmod8\).  
For \(n\ge2\) we have \(2^n\equiv0\) or \(4\pmod8\) (depending on \(n\)), never \(2\).  
If \(a\) and \(b\) have opposite parity, then \(a^4+b^4\) is odd while \(2^n\) is even – impossible.  
Hence \(a\) and \(b\) are both even.  Write \(a=2a_1,\;b=2b_1\).  Then  

\[
2^n = 16(a_1^4+b_1^4) \quad\Longrightarrow\quad 2^{n-4}=a_1^4+b_1^4.
\]

The smallest sum of two positive fourth powers is \(2\), so \(n-4\ge1\), i.e. \(n\ge5\).  
Thus for \(p=2\) the claim holds.

---
### 2.  Odd primes

Now let \(p\) be an odd prime.  Assume \(p^n = a^4+b^4\) with \(n\ge2\) and suppose, for contradiction, that \(n\in\{2,3,4\}\).

#### 2.1  Reduction to a primitive solution

Let \(d=\gcd(a,b)\).  Then \(d^4\mid p^n\), so \(d=p^k\) for some \(k\ge0\).  Write \(a=p^ka_1,\;b=p^kb_1\) with \(\gcd(a_1,b_1)=1\).  Then  

\[
p^{n-4k}=a_1^4+b_1^4.
\]

If \(k\ge1\) and \(n=2,3\) then the left side is a power of \(p\) with negative exponent – impossible.  
If \(n=4\) and \(k=1\) then \(p^0=1=a_1^4+b_1^4\), impossible because \(a_1,b_1\ge1\).  
Hence \(k=0\) and \(\gcd(a,b)=1\).

Moreover, \(a\) and \(b\) cannot both be odd: if they were, then \(a^4+b^4\equiv2\pmod8\) while \(p^n\) (with \(p\) odd) is \(1,3,5\) or \(7\) modulo \(8\).  Thus \(a\) and \(b\) have opposite parity.

#### 2.2  A classical lemma

**Lemma.**  The Diophantine equation  

\[
x^4+y^4=z^2
\]

has no solution in positive integers.

*Proof.*  Assume a primitive solution with \(\gcd(x,y)=1\).  Then \((x^2)^2+(y^2)^2=z^2\) is a primitive Pythagorean triple.  Hence there exist coprime integers \(u,v\) of opposite parity such that  

\[
x^2 = u^2-v^2,\qquad y^2 = 2uv,\qquad z = u^2+v^2,
\tag{1}
\]

or the roles of \(x\) and \(y\) are swapped.  Consider the first case (the second is symmetric).  

From \(y^2=2uv\) and \(\gcd(u,v)=1\), one of \(u,v\) is a square and the other is twice a square.  Because \(u\) and \(v\) have opposite parity, the even one must be twice a square.  Write  

\[
u = a^2,\qquad v = 2b^2.
\]

Then \(x^2 = a^4-4b^4\).  Rearranging gives  

\[
(a^2-x)(a^2+x)=4b^4.
\tag{2}
\]

The numbers \(a\) and \(x\) are odd (since \(a\) is odd because \(u=a^2\) is odd, and \(x^2\equiv a^4\equiv1\pmod4\)), so both factors in (2) are even.  Let \(d=\gcd(a^2-x,a^2+x)\).  Then \(d\mid2a^2\) and \(d\mid2x\).  Because \(\gcd(a,x)=1\) (any common divisor would also divide \(a^4\) and \(x^2\), hence \(4b^4\), and then would divide \(u\) and \(v\), contradicting \(\gcd(u,v)=1\)), we obtain \(d\mid2\).  Since both factors are even, \(d=2\).  Thus we can write  

\[
a^2-x = 2p^2,\qquad a^2+x = 2q^2,
\]

with \(p,q\) coprime positive integers.  Multiplying yields \(4p^2q^2=4b^4\), i.e. \(pq=b^2\).  Coprimality of \(p,q\) forces each to be a square: \(p=r^2,\;q=s^2\), and then \(b=rs\).  Consequently  

\[
a^2 = r^4+s^4,\qquad x = s^4-r^4.
\]

Thus we have obtained a new primitive solution \((r,s,a)\) of the same equation \(r^4+s^4=a^2\).  Moreover, \(a<z\) because \(z=u^2+v^2=a^4+4b^4>a^2\).  By repeating the argument we would get an infinite strictly decreasing sequence of positive integers, which is impossible.  The case \(u=2a^2,\;v=b^2\) leads to an analogous descent (swap the roles of \(x\) and \(y\)).  Hence no primitive solution exists, and therefore no solution at all.  ∎

---
#### 2.3  The cases \(n=2\) and \(n=4\)

If \(n=2\) then \(p^2=a^4+b^4\).  By the Lemma, this is impossible.  
If \(n=4\) then \(p^4=a^4+b^4\), i.e. \((p^2)^2=a^4+b^4\).  The Lemma again gives a contradiction.  
Thus \(n\) cannot be \(2\) or \(4\).

---
#### 2.4  The case \(n=3\)

Now assume \(p^3=a^4+b^4\).  We have \(\gcd(a,b)=1\) and \(a,b\) have opposite parity.

Since \(p\mid a^4+b^4=(a^2+b^2)(a^2-b^2)\), the prime \(p\) divides either \(a^2+b^2\) or \(a^2-b^2\).

*Case 1: \(p\mid a^2+b^2\).*  Write \(a^2+b^2=kp\).  Then  

\[
p^3 = (kp)^2 - 2a^2b^2 = k^2p^2 - 2a^2b^2,
\]

so \(2a^2b^2 = p^2(k^2-p)\).  Because \(p\) does not divide \(a\) or \(b\) (otherwise \(p\) would divide both, contradicting \(\gcd(a,b)=1\)), we have \(p^2\mid2\), impossible for an odd prime.

*Case 2: \(p\mid a^2-b^2\).*  Then \(a^2\equiv b^2\pmod p\).  If \(a\equiv b\pmod p\), then \(a-b=mp\) for some integer \(m\), and substituting into the original equation gives \(2b^4\equiv0\pmod p\), so \(p\mid b\), and then \(p\mid a\) – a contradiction to \(\gcd(a,b)=1\).  Hence \(a\equiv -b\pmod p\), i.e. \(a+b=mp\) for some positive integer \(m\).

Set \(X=a^2+b^2\) and \(Y=ab\).  Then  

\[
X = (a+b)^2-2ab = m^2p^2-2Y,
\qquad
a^4+b^4 = X^2-2Y^2 = p^3.
\]

Substituting \(X\) gives  

\[
(m^2p^2-2Y)^2-2Y^2 = p^3
\;\Longrightarrow\;
2Y^2-4m^2p^2Y + (m^4p^4-p^3)=0.
\]

Treat this as a quadratic in \(Y\).  Its discriminant is  

\[
\Delta = (4m^2p^2)^2-8(m^4p^4-p^3) = 16m^4p^4-8m^4p^4+8p^3 = 8p^3(m^4p+1).
\]

For \(Y\) to be an integer, \(\Delta\) must be a perfect square.  Write \(\Delta = s^2\).  Since \(p\) is odd, \(p^3\mid s^2\) implies \(p^2\mid s\) (the exponent of \(p\) in \(s^2\) is at least \(3\), so the exponent in \(s\) is at least \(2\)).  Set \(s=p^2t\).  Then  

\[
p^4t^2 = 8p^3(m^4p+1) \;\Longrightarrow\; p t^2 = 8(m^4p+1).
\]

Thus \(p\mid 8\), forcing \(p=2\) – a contradiction because \(p\) is odd.  Hence no integer solution exists.

Therefore \(n=3\) is also impossible.

---
### 3.  Conclusion

We have shown that for an odd prime \(p\) the exponent \(n\) cannot be \(2,3\) or \(4\).  Together with the case \(p=2\) (where \(n\ge5\) is already forced), we conclude that whenever a prime \(p\) and positive integers \(a,b\) satisfy \(p^n=a^4+b^4\) with \(n\ge2\), we must have \(n\ge5\).  ∎"
PB-Advanced-013,Advanced,Algebra,IMO-easy,6.0,"We prove the inequality  

\[
\frac12-\frac1{2^{n+1}}\le \frac1{b_1}+\frac1{b_2}+\cdots+\frac1{b_n},
\qquad b_k=2^k\bigl(1+a_k^{2^k}\bigr),
\]

for integers \(n\ge2\) and positive real numbers \(a_1\le a_2\le\cdots\le a_n\) with \(\prod_{k=1}^n a_k=1\).

---

### 1.  Equivalent formulation  

Let \(x_k=\ln a_k\).  Then \(x_1\le x_2\le\cdots\le x_n\) and \(\sum_{k=1}^n x_k=0\).  
For any real \(t\),  

\[
\frac1{2^k\bigl(1+e^{2^k t}\bigr)}=\frac1{2^{k+1}}-\frac1{2^{k+1}}\tanh\bigl(2^{k-1}t\bigr).
\]

Hence  

\[
\sum_{k=1}^n\frac1{b_k}= \sum_{k=1}^n\frac1{2^{k+1}}-\frac12\sum_{k=1}^n\frac1{2^k}\tanh\bigl(2^{k-1}x_k\bigr).
\]

Since \(\sum_{k=1}^n\frac1{2^{k+1}}=\frac12-\frac1{2^{n+1}}\), the required inequality is equivalent to  

\[
\sum_{k=1}^n\frac1{2^k}\tanh\bigl(2^{k-1}x_k\bigr)\le 0. \tag{1}
\]

---

### 2.  A useful lemma  

**Lemma.**  Let \(n\ge1\) and let \(u_1\le u_2\le\cdots\le u_n\) be real numbers with sum \(S\le0\) and \(u_n\le -S\).  Then  

\[
\sum_{k=1}^n\frac1{2^k}\tanh\bigl(2^{k-1}u_k\bigr)\le\frac1{2^{n+1}}\tanh\bigl(2^n S\bigr). \tag{2}
\]

*Proof.*  We proceed by induction on \(n\).

*Base \(n=1\).*  Here \(u_1=S\le0\) and \(u_1\le -u_1\) implies \(u_1\le0\).  Inequality (2) becomes  

\[
\frac12\tanh u_1\le\frac14\tanh(2u_1).
\]

Set \(y=-u_1\ge0\).  Then \(\tanh u_1=-\tanh y,\ \tanh(2u_1)=-\tanh(2y)\), and the inequality is equivalent to  

\[
-\frac12\tanh y\le-\frac14\tanh(2y)\;\Longleftrightarrow\;2\tanh y\ge\tanh(2y).
\]

Because \(\tanh(2y)=\dfrac{2\tanh y}{1+\tanh^2 y}\le2\tanh y\) for all \(y\ge0\), the inequality holds, with equality only when \(y=0\).  Thus the base case is true.

*Induction step.*  Assume (2) holds for some \(n\ge1\).  Consider \(u_1\le\cdots\le u_{n+1}\) with sum \(S\le0\) and \(u_{n+1}\le -S\).  Set \(t=u_{n+1}\).  Then \(S-t\le0\) and \(u_n\le t\).  Since \(t\le -S\), we have \(t\le -S\) and therefore  

\[
u_n\le t\le -S+t=-(S-t).
\]

Thus the first \(n\) numbers satisfy the hypothesis of the induction hypothesis with sum \(S-t\).  Hence  

\[
\sum_{k=1}^n\frac1{2^k}\tanh\bigl(2^{k-1}u_k\bigr)
\le\frac1{2^{n+1}}\tanh\bigl(2^n(S-t)\bigr). \tag{3}
\]

Now we need to prove  

\[
\frac1{2^{n+1}}\tanh\bigl(2^n(S-t)\bigr)+\frac1{2^{n+2}}\tanh\bigl(2^{n+1}t\bigr)
\le\frac1{2^{n+2}}\tanh\bigl(2^{n+1}S\bigr).
\]

Multiplying by \(2^{n+2}\) gives  

\[
2\tanh\bigl(2^n(S-t)\bigr)+\tanh\bigl(2^{n+1}t\bigr)\le\tanh\bigl(2^{n+1}S\bigr). \tag{4}
\]

Set \(A=2^n(S-t)\) and \(B=2^{n+1}t\).  Then \(2A+B=2^{n+1}S\).  The conditions become \(A\le0\) (because \(S-t\le0\)) and \(B\le -A\) (because \(t\le -S\) implies \(2^{n+1}t\le -2^n(S-t)\)).  

We now prove that for all real numbers \(A\le0\) and \(B\le -A\),

\[
2\tanh A+\tanh B\le\tanh(2A+B). \tag{5}
\]

Using the addition formula for \(\tanh\),

\[
\tanh(2A+B)-\tanh B
= \frac{\tanh(2A)+\tanh B}{1+\tanh(2A)\tanh B}-\tanh B
= \frac{\tanh(2A)(1-\tanh^2 B)}{1+\tanh(2A)\tanh B}.
\]

Thus (5) is equivalent to  

\[
\frac{\tanh(2A)(1-\tanh^2 B)}{1+\tanh(2A)\tanh B}\ge 2\tanh A. \tag{6}
\]

If \(\tanh A=0\) then \(A=0\) and both sides of (5) are zero, so equality holds.  Otherwise \(\tanh A<0\) (because \(A\le0\)).  Dividing (6) by the negative number \(2\tanh A\) reverses the inequality:

\[
\frac{1-\tanh^2 B}{(1+\tanh^2 A)\bigl(1+\tanh(2A)\tanh B\bigr)}\le 1. \tag{7}
\]

Now \(\tanh(2A)=\dfrac{2\tanh A}{1+\tanh^2 A}\).  Substituting,

\[
1+\tanh(2A)\tanh B = 1+\frac{2\tanh A\tanh B}{1+\tanh^2 A}
= \frac{1+\tanh^2 A+2\tanh A\tanh B}{1+\tanh^2 A}.
\]

Hence the denominator of the left‑hand side of (7) becomes  

\[
(1+\tanh^2 A)\cdot\frac{1+\tanh^2 A+2\tanh A\tanh B}{1+\tanh^2 A}
= 1+\tanh^2 A+2\tanh A\tanh B.
\]

Therefore (7) is equivalent to  

\[
1-\tanh^2 B\le 1+\tanh^2 A+2\tanh A\tanh B,
\]

i.e.  

\[
0\le \tanh^2 A+2\tanh A\tanh B+\tanh^2 B = (\tanh A+\tanh B)^2,
\]

which is always true.  Consequently (5) holds, and the induction step is complete.  ∎

---

### 3.  Proof of the main inequality  

We prove (1) by induction on \(n\).

*Base \(n=2\).*  Let \(x_1\le x_2\) with \(x_1+x_2=0\).  Then \(x_2=-x_1\) and (1) becomes  

\[
\frac12\tanh x_1+\frac14\tanh(2x_2)=\frac12\tanh x_1-\frac14\tanh(2x_1)\le0.
\]

Set \(y=-x_1\ge0\); then \(\tanh x_1=-\tanh y\), \(\tanh(2x_1)=-\tanh(2y)\), and the inequality reduces to  

\[
-\frac12\tanh y+\frac14\tanh(2y)\le0\;\Longleftrightarrow\;2\tanh y\ge\tanh(2y),
\]

which is true because \(\tanh(2y)=\dfrac{2\tanh y}{1+\tanh^2 y}\le2\tanh y\).  Thus the base case holds.

*Induction step.*  Assume (1) holds for some \(n\ge2\).  Consider \(x_1\le\cdots\le x_{n+1}\) with \(\sum_{k=1}^{n+1}x_k=0\).  Let \(t=x_{n+1}\).  Because the sequence is non‑decreasing and the sum is zero, we have \(t\ge0\).  Then  

\[
S:=\sum_{k=1}^n x_k=-t\le0,\qquad x_n\le t=-S.
\]

Hence the hypothesis of the Lemma is satisfied for the first \(n\) numbers.  By the Lemma,

\[
\sum_{k=1}^n\frac1{2^k}\tanh\bigl(2^{k-1}x_k\bigr)
\le\frac1{2^{n+1}}\tanh\bigl(2^n(-t)\bigr)
= -\frac1{2^{n+1}}\tanh\bigl(2^n t\bigr).
\]

Adding the \((n+1)\)‑st term \(\frac1{2^{n+1}}\tanh\bigl(2^n t\bigr)\) gives  

\[
\sum_{k=1}^{n+1}\frac1{2^k}\tanh\bigl(2^{k-1}x_k\bigr)\le0.
\]

Thus (1) holds for \(n+1\).  By induction it holds for every \(n\ge2\).

---

### 4.  Conclusion  

For any admissible sequence, (1) is true, which is equivalent to  

\[
\sum_{k=1}^n\frac1{b_k}\ge\sum_{k=1}^n\frac1{2^{k+1}}=\frac12-\frac1{2^{n+1}}.
\]

Equality occurs precisely when all \(x_k=0\), i.e. \(a_1=a_2=\cdots=a_n=1\).  This completes the proof.  ∎"
PB-Advanced-014,Advanced,Combinatorics,IMO-medium,7.0,"Let \(a,b\) be distinct positive integers. At each step we must apply either “add \(2\)” or “multiply by \(3\)” to each number, possibly using different operations. We determine all pairs that can be made equal after finitely many steps.

---

### 1. Necessary conditions

The operations preserve parity: adding \(2\) and multiplying by \(3\) do not change the parity of a number. Hence \(a\) and \(b\) must have the same parity.

Now consider a sequence of \(n\) steps. For a number that starts with \(x\), let \(m\) be the number of multiplications and \(t=n-m\) the number of additions. The final value is  
\[
x\cdot 3^{m}+2S,
\]  
where \(S\) is the sum of \(t\) powers of \(3\) (each power \(3^{k}\) with \(0\le k\le m\)). Because every power of \(3\) is odd, \(2\cdot3^{k}\equiv2\pmod4\). Therefore the residue modulo \(4\) of the final number is  
\[
x\cdot(-1)^{m}+2t\pmod4.
\]

Let \(m_a,t_a\) be the numbers of multiplications and additions for \(a\), and similarly \(m_b,t_b\) for \(b\). Since the total number of steps is the same for both numbers, we have \(t_a=n-m_a\), \(t_b=n-m_b\) and \(t_a-t_b=m_b-m_a\). Equality of the final numbers gives  
\[
a\cdot(-1)^{m_a}+2t_a\equiv b\cdot(-1)^{m_b}+2t_b\pmod4.
\]  
Using \(t_a-t_b=m_b-m_a\) we obtain  
\[
a\cdot(-1)^{m_a}-b\cdot(-1)^{m_b}\equiv2(m_b-m_a)\pmod4. \tag{1}
\]

Consider the parity of \(m_b-m_a\).

*If \(m_a\) and \(m_b\) have the same parity*, then \(m_b-m_a\) is even, so the right side is \(0\pmod4\). Hence  
\[
a\cdot(-1)^{m_a}\equiv b\cdot(-1)^{m_b}\pmod4.
\]  
Because \((-1)^{m_a}=(-1)^{m_b}\), this yields \(a\equiv b\pmod4\).

*If \(m_a\) and \(m_b\) have opposite parity*, then \(m_b-m_a\) is odd, so the right side is \(2\pmod4\). Then  
\[
a\cdot(-1)^{m_a}-b\cdot(-1)^{m_b}\equiv2\pmod4.
\]  
If \(m_a\) is even and \(m_b\) odd, this becomes \(a+b\equiv2\pmod4\); if \(m_a\) is odd and \(m_b\) even, it becomes \(-a-b\equiv2\pmod4\), which is equivalent to \(a+b\equiv2\pmod4\).

Thus any solution must satisfy either  
\[
a\equiv b\pmod4 \qquad\text{or}\qquad a+b\equiv2\pmod4. \tag{2}
\]

Because the parity is preserved, \(a\) and \(b\) have the same parity.  
- If both are even, then \(a+b\) is even. The condition \(a+b\equiv2\pmod4\) is possible (e.g., \(2+4=6\equiv2\)), but it is not necessary; the first alternative \(a\equiv b\pmod4\) is already a condition.  
- If both are odd, then \(a+b\equiv2\pmod4\) is equivalent to \(a\equiv b\pmod4\) (since \(1+1=2,\;3+3=6\equiv2\) and \(1+3=4\equiv0\)). Hence for odd numbers the two alternatives coincide.

Therefore a necessary condition is: **\(a\) and \(b\) have the same parity, and if both are odd then \(a\equiv b\pmod4\).**  

---

### 2. Sufficiency

We show that every pair satisfying this condition can be transformed into equal numbers.

#### 2.1. Odd numbers with \(a\equiv b\pmod4\)

Let \(a<b\) (the other case is symmetric). Write \(b=a+4k\) with \(k\ge1\). Set \(r=3k\).  
For the smaller number \(a\): perform \(r\) additions of \(2\), then one multiplication by \(3\).  
For the larger number \(b\): perform one multiplication by \(3\), then \(r\) additions of \(2\).

After the sequence the numbers become  
\[
a\cdot3+2\cdot(3r)=3a+6r,\qquad b\cdot3+2r=3b+2r.
\]  
Since \(b=a+4k\), we have \(3a+6r=3a+18k\) and \(3b+2r=3(a+4k)+6k=3a+12k+6k=3a+18k\). Hence they are equal.  
Thus every odd pair with \(a\equiv b\pmod4\) works.

#### 2.2. Even numbers

Write \(a=2A,\;b=2B\). The operations “add \(2\)” and “multiply by \(3\)” become, after dividing by \(2\), “add \(1\)” and “multiply by \(3\)”. Therefore it suffices to solve the same problem for the pair \((A,B)\) with the operations \(x\mapsto x+1\) and \(x\mapsto3x\).  

We prove the following lemma.

**Lemma.** For any distinct positive integers \(X,Y\) there exists a finite sequence of operations (add \(1\), multiply by \(3\)) that makes them equal.

*Proof of the lemma.*  
We give a constructive algorithm.

If \(X>Y\) swap them. Let \(d=Y-X\).

*Case 1: \(d\) is even.*  
Set \(t=\frac{3d}{2}\) (an integer).  
- For the smaller number \(X\): perform \(t\) additions of \(1\), then one multiplication by \(3\).  
- For the larger number \(Y\): perform one multiplication by \(3\), then \(t\) additions of \(1\).  

After these steps both numbers become  
\[
3X+3t = 3Y+t,
\]  
because \(3X+3t = 3(X+d)+3t = 3X+3d+3t\) and \(3Y+t = 3(X+d)+t = 3X+3d+t\); equating gives \(3d+3t = 3d+t\) ⇒ \(2t=0\)? Wait, we need to verify:  
\(3X+3t = 3Y+t\) is equivalent to \(3X+3t = 3X+3d+t\) ⇒ \(2t=3d\) ⇒ \(t=3d/2\), which holds. So they are equal.  

*Case 2: \(d\) is odd.*  
Perform one step: add \(1\) to \(X\), multiply \(Y\) by \(3\). This yields  
\[
X' = X+1,\qquad Y' = 3Y.
\]  
The new difference is  
\[
d' = Y'-X' = 3Y-(X+1)=3(X+d)-X-1 = 2X+3d-1,
\]  
which is even because \(d\) is odd. Now apply the even‑case construction to the pair \((X',Y')\) (note that \(X'<Y'\)). This gives a sequence that makes them equal. Combining the first step with that sequence gives a sequence for the original pair \((X,Y)\).  

Thus the lemma is proved. ∎

Now apply the lemma to \((A,B)\): we obtain a sequence of operations (add \(1\), multiply by \(3\)) that makes \(A\) and \(B\) equal. For each step of this sequence, if the halved numbers receive “add \(1\)” we apply “add \(2\)” to the original numbers, and if they receive “multiply by \(3\)” we apply “multiply by \(3\)” to the original numbers. This yields a valid sequence for \((a,b)\) that makes them equal. Hence all even pairs are solvable.

---

### 3. Conclusion

The necessary condition (same parity, and for odd numbers \(a\equiv b\pmod4\)) is also sufficient. Therefore the pairs \((a,b)\) of distinct positive integers that can be made equal are exactly those with the same parity, and if both are odd then they are congruent modulo \(4\).  

\[
\boxed{\text{All pairs }(a,b)\text{ of distinct positive integers such that }a\equiv b\pmod{2}\text{ and, if }a,b\text{ are both odd, }a\equiv b\pmod{4}.}
\]"
PB-Advanced-015,Advanced,Geometry,IMO-hard,0.0,"We prove the statement using a combination of barycentric coordinates and a coordinate system with the circumcenter as origin.

Let the triangle be acute and non‑isosceles.  Denote the angles by \(A,B,C\) and set  
\[
\alpha=\frac A2,\quad \beta=\frac B2,\quad \gamma=\frac C2,
\]  
so that \(\alpha+\beta+\gamma=\frac\pi2\).  The circumradius is scaled to \(R=1\).

---

### 1.  Condition that \(EF\) is tangent to the incircle  

We use barycentric coordinates with respect to \(\triangle ABC\).  
The incenter is \(I=(a:b:c)\), the side lengths are \(a=2\sin A,\;b=2\sin B,\;c=2\sin C\).  
The feet are  
\[
E=(S_C:0:S_A),\qquad F=(S_B:S_A:0),
\]  
where \(S_A=bc\cos A,\;S_B=ca\cos B,\;S_C=ab\cos C\).  
The line \(EF\) has equation  
\[
S_A x - S_B y - S_C z =0. \tag{1}
\]

The distance from \(I\) to this line is  
\[
d(I,EF)=\frac{|S_A a - S_B b - S_C c|\;\Delta}{D},
\]  
where \(\Delta\) is the area of \(\triangle ABC\) and  
\[
D=\sqrt{S_A^2a^2+S_B^2b^2+S_C^2c^2+2S_A^2S_B+2S_AS_BS_C-2S_BS_C^2}.
\]

Substituting \(S_A=bc\cos A\), etc., and using \(a=2\sin A\), etc., we obtain  
\[
S_A a - S_B b - S_C c = abc(\cos A-\cos B-\cos C).
\]  
A direct calculation of \(D^2\) (using the identities \(\sin A=2\sin\alpha\cos\alpha\), \(\cos A=2\cos^2\alpha-1\), and the relations \(\cos\beta\cos\gamma=\frac12(\sin\alpha+\cos(\beta-\gamma))\)) gives  
\[
D = 4\sin A\sin B\sin C\cdot\frac{2\sin\alpha\cos\beta\cos\gamma-1}{\cos\beta\cos\gamma}.
\]  
Since \(\Delta = 2\sin A\sin B\sin C\) and \(r=\Delta/s\) with \(s=\sin A+\sin B+\sin C=4\cos\alpha\cos\beta\cos\gamma\), we obtain  
\[
d(I,EF)=r\cdot\frac{2\sin\alpha\cos\beta\cos\gamma-1}{\cos\beta\cos\gamma}.
\]  
Thus \(EF\) is tangent to the incircle if and only if  
\[
2\sin\alpha\cos\beta\cos\gamma=1. \tag{2}
\]

---

### 2.  A convenient coordinate system  

Place the circumcenter \(O\) at the origin and rotate the triangle so that \(BC\) is horizontal.  Then  
\[
B=(-\sin A,\;-\cos A),\qquad C=(\sin A,\;-\cos A),\qquad
A=(\sin(C-B),\;\cos(B-C)).
\]  
The incenter is  
\[
I=\frac{\sin A\cdot A+\sin B\cdot B+\sin C\cdot C}{\sin A+\sin B+\sin C}.
\]  
A straightforward computation yields  
\[
I=\bigl(2\sin\alpha\sin(\gamma-\beta),\;\cos A\bigr). \tag{3}
\]  
The inradius is \(r=4\sin\alpha\sin\beta\sin\gamma\).  
The foot of the altitude from \(A\) is \(H_0=(A_x,\;-\cos A)\), and the touchpoint of the incircle with \(BC\) is \(D=(I_x,\;-\cos A)\).

---

### 3.  Simplification under condition (2)  

From (2) we have \(2\sin\alpha\cos\beta\cos\gamma=1\).  Using this we obtain  
\[
2\sin\alpha\sin(\gamma-\beta)=\tan\gamma-\tan\beta,\qquad \cos A=2\cos^2\alpha-1.
\]  
Set  
\[
\alpha_0 = \tan\gamma-\tan\beta,\qquad \rho = \cos A.
\]  
Then (3) becomes  
\[
I=(\alpha_0,\;\rho),\qquad D=(\alpha_0,\;-\rho). \tag{4}
\]  
Moreover, the foot \(H_0\) can be expressed as  
\[
H_0=\Bigl(\frac{\alpha_0(1+\rho)}{1-\rho},\;-\rho\Bigr). \tag{5}
\]  
(One verifies this using the expression of \(A_x\) and the identities \(\alpha_0^2+\rho^2=1-2\rho\) and \(\rho=2\cos^2\alpha-1\).)

---

### 4.  Determination of \(Q\)  

The ray \(IH_0\) is parameterised by  
\[
(X,Y)=I+\mu(H_0-I)=\bigl(\alpha_0,\;\rho\bigr)+\mu\Bigl(\frac{\alpha_0}{1-\rho},\;-1\Bigr),\qquad \mu\in\mathbb R.
\]  
Substituting into the circumcircle equation \(X^2+Y^2=1\) gives  
\[
(\alpha_0^2+k^2)\mu^2+2k(\alpha_0^2-\rho k)\mu-2\rho k^2=0,\qquad k=1-\rho.
\]  
The root \(\mu=0\) corresponds to \(I\); the other root, which gives the second intersection \(Q\), is  
\[
\mu_Q=\frac{\rho}{k\,\alpha_0}. \tag{6}
\]

---

### 5.  Determination of \(X\)  

The line \(QD\) is parameterised by  
\[
(X,Y)=D+s(Q-D)=\bigl(\alpha_0+s\alpha_0\mu_Q/k,\;-\rho+s(2\rho-\mu_Q)\bigr).
\]  
Inserting into \(X^2+Y^2=1\) yields a quadratic in \(s\) whose two roots correspond to the two intersections with the circumcircle.  One root is \(s=1\) (point \(Q\)); the other root is  
\[
s_X=-\frac{2\rho}{A},\qquad A=\Bigl(\frac{\alpha_0\mu_Q}{k}\Bigr)^2+(2\rho-\mu_Q)^2. \tag{7}
\]  
Hence \(X=D+s_X(Q-D)\).

We now show that \(X\) lies on the line \(OI\).  In our coordinate system \(O=(0,0)\), so the line \(OI\) is the set of scalar multiples of \(I=(\alpha_0,\rho)\).  Thus we must prove that \(X\) is a scalar multiple of \(I\).  This is equivalent to  
\[
\frac{X_Y}{X_X}=\frac{\rho}{\alpha_0}.
\]  
Substituting the expressions for \(X_X\) and \(X_Y\) and using (6) and the relation \(\alpha_0^2=k^2-2\rho(1+\rho)\) (which follows from (2)), we obtain after simplification  
\[
2+s_X\Bigl(\frac{\mu_Q}{k}-2+\frac{\mu_Q}{\rho}\Bigr)=0.
\]  
Replacing \(s_X\) by \(-2\rho/A\) and clearing denominators yields the equivalent condition  
\[
A=\mu_Q+\frac{\rho\,\mu_Q}{k}-2\rho. \tag{8}
\]  
Now compute \(A\) using (7) and (6):  
\[
A=\frac{\alpha_0^2\mu_Q^2}{k^2}+(2\rho-\mu_Q)^2.
\]  
Substituting \(\mu_Q=\rho/(k\alpha_0)\) and using \(\alpha_0^2=k^2-2\rho(1+\rho)\) gives  
\[
A=\frac{\rho}{k\alpha_0}\Bigl(1+\frac{\rho}{k}\Bigr)-2\rho = \mu_Q+\frac{\rho\mu_Q}{k}-2\rho,
\]  
which is exactly (8).  Hence \(X\) lies on \(OI\).

---

### 6.  Collinearity of \(X,Y,K\)  

The point \(Y\) is the tangency point of the \(A\)-mixtilinear incircle with the circumcircle.  A well‑known property (proved by inversion about the circumcircle or by angle chasing) states that \(Y\) lies on the line \(OI\).  The point \(K\) is defined as the intersection of \(IO\) with \(BC\); therefore \(K\in OI\) as well.  Since we have shown \(X\in OI\), the three points \(X,Y,K\) are collinear.

Thus, under the hypothesis that segment \(EF\) is tangent to the incircle, the points \(X,Y,K\) are collinear. ∎"
PB-Advanced-016,Advanced,Geometry,IMO-easy,6.0,"**Proof.**  

We adopt a coordinate system.  Let the incircle be the unit circle centred at \(I=(0,1)\) and let \(BC\) be the \(x\)-axis.  The incircle touches \(BC\) at \((0,0)\).  Write  
\[
B=(b,0),\qquad C=(c,0),\qquad b<0<c.
\]  

The line through \(I\) perpendicular to \(AI\) meets \(BC\) at \(L\).  Because \(AI\perp IL\), the direction of \(AI\) is perpendicular to \((l,-1)\) where \(L=(l,0)\).  Hence \(AI\) is along \((1,l)\).  Therefore \(A\) lies on the line through \(I\) with direction \((1,l)\):
\[
A=(s,1+sl)\qquad\text{for some } s\in\mathbb R.
\]

---

### 1.  Determining \(A\) and \(L\) from the incircle condition  

The incircle is tangent to \(AB\) and \(AC\).  The line \(AB\) through \(B=(b,0)\) with slope \(m\) is tangent to the circle \(x^{2}+(y-1)^{2}=1\) iff  
\[
\frac{|m\cdot0-1-mb|}{\sqrt{m^{2}+1}}=1
\;\Longrightarrow\;(1+mb)^{2}=m^{2}+1.
\]  
This gives \(m\bigl(2b+m(b^{2}-1)\bigr)=0\).  The solution \(m=0\) corresponds to \(BC\); the other is  
\[
m_{B}=-\frac{2b}{b^{2}-1}.
\]  
Similarly, the slope of \(AC\) is  
\[
m_{C}=-\frac{2c}{c^{2}-1}.
\]  
The intersection of the two lines yields \(A\).  Solving  
\[
m_{B}(x-b)=m_{C}(x-c)
\]  
and simplifying gives  
\[
x_{A}=\frac{b+c}{1+bc},\qquad y_{A}=\frac{2bc}{1+bc}. \tag{1}
\]  

(One may verify directly that these coordinates satisfy the distance condition; a short expansion shows that the line \(AB\) has equation \(4x+?\) etc., but the calculation is routine.)

Now \(L\) is the intersection of the line through \(I\) perpendicular to \(AI\) with \(BC\).  Since \(AI\) is along \((x_{A},y_{A}-1)\), a perpendicular direction is \((y_{A}-1,-x_{A})\).  The line through \(I\) with this direction meets \(y=0\) at  
\[
t=\frac{1}{x_{A}},\qquad L=\bigl(\tfrac{y_{A}-1}{x_{A}},0\bigr).
\]  
Using (1) we obtain  
\[
L=\Bigl(\frac{bc-1}{b+c},\,0\Bigr). \tag{2}
\]  
Set \(l=\dfrac{bc-1}{b+c}\).

---

### 2.  Points \(U\) and \(V\)  

Let \(E=BI\cap AC\) and \(F=CI\cap AB\).  By the angle‑bisector theorem,
\[
AE=\frac{AB\cdot AC}{AB+BC},\qquad AF=\frac{AB\cdot AC}{AC+BC}.
\]  
First compute the side lengths from (1):
\[
\begin{aligned}
AB&=\frac{c(1+b^{2})}{|1+bc|}= -\frac{c(1+b^{2})}{1+bc},\\[2mm]
AC&=\frac{b(1+c^{2})}{|1+bc|}= \frac{b(1+c^{2})}{1+bc},\\[2mm]
BC&=c-b.
\end{aligned}
\]  
(Here we have used \(1+bc<0\) because the incircle lies inside the triangle; the absolute values are dropped by inserting the sign.)  

Then
\[
\frac{AE}{AB}=\frac{AC}{AB+BC}
=\frac{1+c^{2}}{c^{2}-2bc-1},\qquad
\frac{AF}{AC}=\frac{AB}{AC+BC}
=\frac{1+b^{2}}{b^{2}-2bc-1}. \tag{3}
\]  
Now set
\[
t=\frac{1+c^{2}}{c^{2}-2bc-1},\qquad
s=\frac{1+b^{2}}{b^{2}-2bc-1}.
\]  
Using \(B-A=\bigl(\frac{c(b^{2}-1)}{1+bc},\,-\frac{2bc}{1+bc}\bigr)\) and \(C-A=\bigl(\frac{b(c^{2}-1)}{1+bc},\,-\frac{2bc}{1+bc}\bigr)\) we obtain
\[
\begin{aligned}
U &=A+t(B-A)
   =\Bigl(\frac{b(c^{2}-1)-2c}{c^{2}-2bc-1},\;-\frac{4bc}{c^{2}-2bc-1}\Bigr),\\[2mm]
V &=A+s(C-A)
   =\Bigl(\frac{c(b^{2}-1)-2b}{b^{2}-2bc-1},\;-\frac{4bc}{b^{2}-2bc-1}\Bigr). \tag{4}
\end{aligned}
\]  
(These expressions follow from direct substitution and simplification; the algebra is straightforward.)

---

### 3.  Collinearity of \(U,V,L\)  

The line \(UV\) has equation \(y-y_{1}=\frac{y_{2}-y_{1}}{x_{2}-x_{1}}(x-x_{1})\).  Its intersection with the \(x\)-axis is given by the \(x\)-intercept
\[
x_{\text{int}}=\frac{x_{1}y_{2}-x_{2}y_{1}}{y_{2}-y_{1}}.
\]  
Using (4) and the expression for \(l\) we compute
\[
\begin{aligned}
x_{1}y_{2}-x_{2}y_{1}
&= -\frac{4bc(c-b)(bc-1)}{(b^{2}-2bc-1)(c^{2}-2bc-1)},\\
y_{2}-y_{1}
&= -\frac{4bc(c-b)(c+b)}{(b^{2}-2bc-1)(c^{2}-2bc-1)}.
\end{aligned}
\]  
Hence
\[
x_{\text{int}}=\frac{bc-1}{b+c}=l.
\]  
Thus the line \(UV\) passes through \(L\); therefore \(U,V,L\) are collinear.  Denote this line by \(\ell\).

---

### 4.  Translation to make \(L\) the origin  

Translate the whole figure by \((-l,0)\).  In the new coordinates we keep the same letters for the points (thus \(L=0\)).  Then
\[
B'=(b-l,0),\quad C'=(c-l,0),\quad I'=(x_{0},1),
\]  
where
\[
b'=b-l=\frac{b^{2}+1}{b+c},\qquad
c'=c-l=\frac{c^{2}+1}{b+c},\qquad
x_{0}=-l=\frac{1-bc}{b+c}. \tag{5}
\]  
From (5) we obtain the useful relation
\[
b'c'=x_{0}^{2}+1. \tag{6}
\]

The line \(\ell\) now passes through the origin; let \(\mathbf d=(\cos\theta,\sin\theta)\) be a unit direction vector of \(\ell\).  Then \(U=u\mathbf d\) and \(V=v\mathbf d\) for some scalars \(u,v\) (the actual values are irrelevant).

---

### 5.  The circles \((ILC)\) and \((ILB)\)  

In the translated coordinates the circle through \(I'=(x_{0},1)\), \(L'=(0,0)\) and \(C'=(c',0)\) has equation  
\[
x^{2}+y^{2}+Dx+Ey=0.
\]  
Substituting \(C'\) gives \(c'^{2}+Dc'=0\Rightarrow D=-c'\).  Substituting \(I'\) gives \(x_{0}^{2}+1-Dx_{0}+E=0\Rightarrow E=c'x_{0}-x_{0}^{2}-1\).  Hence
\[
x^{2}+y^{2}-c'x+(c'x_{0}-x_{0}^{2}-1)y=0. \tag{7}
\]  
Similarly, the circle through \(I',L',B'\) is
\[
x^{2}+y^{2}-b'x+(b'x_{0}-x_{0}^{2}-1)y=0. \tag{8}
\]

Now intersect each circle with the line \(\ell\) (parametrised as \(t\mathbf d\)).  Substituting \(x=t\cos\theta,\;y=t\sin\theta\) into (7) gives
\[
t^{2}+t\bigl(-c'\cos\theta+(c'x_{0}-x_{0}^{2}-1)\sin\theta\bigr)=0.
\]  
The root \(t=0\) corresponds to \(L\); the other root is
\[
t_{X}=c'\cos\theta-(c'x_{0}-x_{0}^{2}-1)\sin\theta
      =c'\bigl(\cos\theta+(b'-x_{0})\sin\theta\bigr),
\]  
where we used (6) to replace \(x_{0}^{2}+1\) by \(b'c'\).  Thus
\[
X=t_{X}\mathbf d = c'\,M\,\mathbf d,\qquad
M=\cos\theta+(b'-x_{0})\sin\theta. \tag{9}
\]  
Analogously, from (8) we obtain
\[
Y=b'\,N\,\mathbf d,\qquad
N=\cos\theta+(c'-x_{0})\sin\theta. \tag{10}
\]

---

### 6.  Intersection \(P=YB\cap XC\)  

Write \(B'=(b',0),\;C'=(c',0)\).  From (9) and (10) we have  
\[
Y=(b'N\cos\theta,\;b'N\sin\theta),\qquad
X=(c'M\cos\theta,\;c'M\sin\theta).
\]  
Parametrise the lines:
\[
YB:\; B'+ \lambda(Y-B'),\qquad
XC:\; C'+ \mu(X-C').
\]  
Equating the \(y\)-coordinates yields
\[
\lambda b'N\sin\theta = \mu c'M\sin\theta.
\]  
Since \(\sin\theta\neq0\) (otherwise \(\ell\) would be horizontal, forcing \(U,V\) onto \(BC\), impossible for a non‑degenerate triangle), we have \(\lambda b'N=\mu c'M\).  Substituting into the \(x\)-coordinate equality and solving gives
\[
\lambda = \frac{M}{b'\sin\theta}.
\]  
Therefore
\[
P = B'+\lambda(Y-B')
  = \Bigl(b'+\frac{M}{\sin\theta}(N\cos\theta-1),\; MN\Bigr). \tag{11}
\]

---

### 7.  Proving \(IP\parallel XY\)  

Because \(X,Y\in\ell\), the line \(XY\) coincides with \(\ell\), which is parallel to \(\mathbf d\).  We show that \(IP\) is also parallel to \(\mathbf d\).  Compute
\[
P-I' = \Bigl(b'+\frac{M(N\cos\theta-1)}{\sin\theta}-x_{0},\; MN-1\Bigr).
\]  
The condition \(IP\parallel\mathbf d\) is equivalent to
\[
(P_{x}-x_{0})\sin\theta-(P_{y}-1)\cos\theta=0.
\]  
Substituting (11):
\[
\begin{aligned}
&(b'-x_{0})\sin\theta + M(N\cos\theta-1) - (MN-1)\cos\theta \\
&= (b'-x_{0})\sin\theta + MN\cos\theta - M - MN\cos\theta + \cos\theta \\
&= (b'-x_{0})\sin\theta - M + \cos\theta.
\end{aligned}
\]  
Now \(M=\cos\theta+(b'-x_{0})\sin\theta\), so the last expression is zero.  Hence \(IP\parallel\mathbf d\), and consequently \(IP\parallel XY\).  ∎"
PB-Advanced-017,Advanced,Number theory,IMO-easy,6.0,"Let \(n\) be a positive integer with \(n\equiv6\pmod7\) and let \(d\) be any divisor of \(n\).  
Set \(a=d\) and \(b=n/d\); then \(ab=n\).  
Compute
\[
\left(d+\frac{n}{d}\right)^2=(a+b)^2=a^2+b^2+2ab\equiv a^2+b^2\pmod n.
\]
The remainder when \((a+b)^2\) is divided by \(n\) is \(n-c\), so
\[
a^2+b^2\equiv -c\pmod n,
\]
which is equivalent to
\[
ab\mid a^2+b^2+c. \tag{1}
\]
Thus there exists a positive integer \(t\) such that
\[
a^2+b^2+c=t\,ab. \tag{2}
\]

We show that the smallest possible value of \(c\) is \(3\).

---
### 1.  The case \(c=1\)

Equation (2) becomes \(a^2+b^2+1=t\,ab\).  
Assume without loss of generality that \(a\ge b\).  Treat (2) as a quadratic in \(a\):
\[
a^2-tb\,a+(b^2+1)=0.
\]
The other root is
\[
a'=tb-a=\frac{b^2+1}{a},
\]
which is a positive integer.  Because \(a\ge b\),
\[
a'=\frac{b^2+1}{a}\le\frac{b^2+1}{b}=b+\frac1b,
\]
so \(a'\le b\) (since \(a'\) is integer).  Hence \((a',b)\) is another solution with \(a'\le b\).  Repeating this descent we eventually obtain a solution with \(a=b\).  Substituting \(a=b\) into \(a^2+b^2+1=t\,ab\) gives
\[
2a^2+1=t a^2\;\Longrightarrow\;(t-2)a^2=1.
\]
Thus \(a=1\) and \(t=3\).  Consequently every solution of \(a^2+b^2+1=t\,ab\) satisfies
\[
a^2+b^2+1=3ab. \tag{3}
\]

---
### 2.  The case \(c=2\)

Equation (2) becomes \(a^2+b^2+2=t\,ab\).  
Again assume \(a\ge b\).  The other root is
\[
a'=tb-a=\frac{b^2+2}{a}.
\]
If \(b\ge2\), then
\[
a'\le\frac{b^2+2}{b}=b+\frac2b\le b+1.
\]
If \(a'=b+1\), then from \(a a'=b^2+2\) we obtain
\[
a(b+1)=b^2+2\quad\Longrightarrow\quad a=\frac{b^2+2}{b+1}.
\]
For \(b\ge2\) the right‑hand side is an integer only when \(b+1\mid3\); the only possibility is \(b=2\) and then \(a=2\).  But \((2,2)\) does not satisfy (2) because \(4+4+2=10\neq4\cdot2\cdot2\).  Hence \(a'\neq b+1\); therefore \(a'\le b\).  

If \(b=1\), the equation \(a^2+1+2=t a\) gives \(a^2+3=t a\), so \(a\) must divide \(3\).  The possibilities are \((a,b)=(1,1)\) or \((3,1)\).  In the first case \(a=b\); in the second case \(a=3,b=1\) gives \(a'=(1+2)/3=1\le b\).  Thus in every situation we can find a new solution with a smaller (or equal) larger component.  Repeating the descent we eventually reach a solution with \(a=b\).  Substituting \(a=b\) into \(a^2+b^2+2=t\,ab\) gives
\[
2a^2+2=t a^2\;\Longrightarrow\;(t-2)a^2=2.
\]
The only positive integer solution is \(a=1,\;t=4\).  Hence every solution of \(a^2+b^2+2=t\,ab\) satisfies
\[
a^2+b^2+2=4ab. \tag{4}
\]

---
### 3.  Impossibility of \(c=1\) and \(c=2\) when \(n\equiv6\pmod7\)

For \(c=1\) we have (3).  Suppose that \(n=ab\equiv6\pmod7\).  Then \(ab\equiv6\) and
\[
3ab\equiv3\cdot6=18\equiv4\pmod7.
\]
From (3) we get \(a^2+b^2+1\equiv4\pmod7\), i.e. \(a^2+b^2\equiv3\pmod7\).  
Now list all pairs \((a,b)\) modulo \(7\) with \(ab\equiv6\):
\[
(1,6),\;(2,3),\;(3,2),\;(4,5),\;(5,4),\;(6,1).
\]
Their squares modulo \(7\) are:
\[
1^2\equiv1,\;6^2\equiv1,\;2^2\equiv4,\;3^2\equiv2,\;4^2\equiv2,\;5^2\equiv4.
\]
Hence
\[
a^2+b^2\equiv\begin{cases}
1+1=2&\text{for }(1,6)\text{ and }(6,1),\\
4+2=6&\text{for }(2,3)\text{ and }(3,2),\\
2+4=6&\text{for }(4,5)\text{ and }(5,4).
\end{cases}
\]
Thus \(a^2+b^2\) is never congruent to \(3\) modulo \(7\), a contradiction.  Therefore \(c=1\) is impossible.

For \(c=2\) we have (4).  Again assume \(n=ab\equiv6\pmod7\).  Then \(4ab\equiv4\cdot6=24\equiv3\pmod7\).  From (4) we obtain \(a^2+b^2+2\equiv3\pmod7\), i.e. \(a^2+b^2\equiv1\pmod7\).  But as computed above, for all pairs with \(ab\equiv6\) we have \(a^2+b^2\equiv2\) or \(6\), never \(1\).  This contradiction shows that \(c=2\) is also impossible.

---
### 4.  Attainability of \(c=3\)

Take \(n=76\) (since \(76=7\cdot10+6\), so \(n\equiv6\pmod7\)) and \(d=4\) (a divisor because \(76/4=19\)).  Then
\[
\left(d+\frac{n}{d}\right)^2=(4+19)^2=23^2=529.
\]
Dividing \(529\) by \(76\) gives quotient \(6\) and remainder \(73\).  Hence the remainder is \(73\) and
\[
c=n-73=76-73=3.
\]
Thus \(c=3\) is attained.

---
Since \(c=1\) and \(c=2\) are impossible for all admissible \(n,d\) and \(c=3\) is attainable, the smallest possible value of \(c\) is \(\boxed{3}\)."
PB-Advanced-018,Advanced,Combinatorics,IMO-hard,0.0,"We prove that \(a(n)\le \left\lfloor\frac{n^2}{2}\right\rfloor+1\) for every \(n\ge5\).  
Then with \(L=2\) we obtain  
\[
|2a(n)-n^2|\le 2\le n+2\sqrt n+3\qquad (n\ge5),
\]  
so the required inequality holds.

---
### Upper bound: \(a(n)\le\left\lfloor\frac{n^2}{2}\right\rfloor+1\)

Let \(k=\left\lfloor\frac{n^2}{2}\right\rfloor+1\) and consider any balanced coloring of the \(n\times n\) grid with \(k\) colors.  
Since \(k>n^2/2\), we have \(\frac{n^2}{k}<2\); therefore each color appears either \(\left\lfloor n^2/k\right\rfloor=1\) or \(\left\lceil n^2/k\right\rceil=2\) times. In particular, every color occurs at most twice.

Construct the graph \(H\) whose vertices are the cells of the grid; two cells are adjacent in \(H\) iff they are adjacent in the grid and have different colors.  
A snake is a path of \(n\) vertices in \(H\).

Assume, for contradiction, that \(H\) contains no path of \(n\) vertices.  
Let \(P\) be a longest path in \(H\) and let \(u\) be an endpoint of \(P\). Because \(P\) is maximal, every neighbour of \(u\) in the grid that is not in \(P\) must have the same colour as \(u\) (otherwise we could extend \(P\) by that neighbour).  
Since each colour appears at most twice, \(u\) can have at most one neighbour of the same colour.  
The neighbours of \(u\) that lie in \(P\) are only the predecessor on \(P\), so at most one. Hence the degree of \(u\) in the grid is at most \(2\).  
Therefore \(u\) is a corner of the grid. The same reasoning applies to the other endpoint of \(P\); thus both endpoints are corners.

The Manhattan distance between any two corners of the \(n\times n\) grid is at least \(n-1\).  
Because \(P\) is a path in the grid, the number of edges of \(P\) is at least the Manhattan distance between its endpoints. Consequently  
\[
|P|-1\ge n-1\quad\Longrightarrow\quad |P|\ge n,
\]  
which contradicts the assumption \(|P|\le n-1\).  
Hence our assumption was false; \(H\) contains a path of \(n\) vertices, i.e. a snake.  

Therefore every balanced coloring with \(k=\left\lfloor\frac{n^2}{2}\right\rfloor+1\) admits a snake, so  
\[
a(n)\le\left\lfloor\frac{n^2}{2}\right\rfloor+1.
\]

---
### Verification of the inequality

For even \(n\) we have \(a(n)\le\frac{n^2}{2}\), and for odd \(n\) we have \(a(n)\le\frac{n^2+1}{2}\).  
Thus  
\[
|2a(n)-n^2|\le\begin{cases}
0, & n\text{ even},\\
1, & n\text{ odd},
\end{cases}
\le 2\le n+2\sqrt n+3\qquad (n\ge5).
\]  
Hence the constant \(L=2\) satisfies the required inequality.

∎"
PB-Advanced-019,Advanced,Algebra,IMO-easy,7.0,"We start by interpreting the problem: For any real $r$, let $A(r)$ be the fractional part of $2r$, i.e. $A(r)=\{2r\}$. Then $B(n,r)=\sum_{k=1}^{n} A(kr)=\sum_{k=1}^{n}\{2kr\}$. The condition is that $n(n+1)r-B(n,r)$ is a multiple of $n$ for every positive integer $n$. Hence there exists an integer $m_n$ such that
\[
n(n+1)r-B(n,r)=n\,m_n.
\]
Consequently,
\[
B(n,r)=n(n+1)r-n\,m_n=n\bigl((n+1)r-m_n\bigr).
\]
Since $0\le B(n,r)<n$ (each term is in $[0,1)$), we have $0\le (n+1)r-m_n<1$, which forces $m_n=\lfloor (n+1)r\rfloor$. Therefore
\[
B(n,r)=n\,\{(n+1)r\},
\]
and the condition is equivalent to
\[
\sum_{k=1}^{n}\{2kr\}=n\,\{(n+1)r\}\qquad(\forall n\in\mathbb{N}).\tag{1}
\]

Write $\{x\}=x-\lfloor x\rfloor$. Then (1) becomes
\[
\sum_{k=1}^{n}(2kr-\lfloor2kr\rfloor)=n\bigl((n+1)r-\lfloor (n+1)r\rfloor\bigr).
\]
Using $\sum_{k=1}^{n}k=\frac{n(n+1)}2$, we obtain
\[
n(n+1)r-\sum_{k=1}^{n}\lfloor2kr\rfloor = n(n+1)r-n\lfloor (n+1)r\rfloor,
\]
so that
\[
\sum_{k=1}^{n}\lfloor2kr\rfloor = n\lfloor (n+1)r\rfloor.\tag{2}
\]

Let $r=m+\delta$, where $m=\lfloor r\rfloor\in\mathbb{N}_0$ and $\delta=\{r\}\in[0,1)$. Substituting into (2) gives
\[
\sum_{k=1}^{n}\bigl(2km+\lfloor2k\delta\rfloor\bigr)=n\bigl((n+1)m+\lfloor (n+1)\delta\rfloor\bigr).
\]
The term $2m\sum_{k=1}^{n}k=2m\cdot\frac{n(n+1)}2=m n(n+1)$ cancels with the right‑hand side $n(n+1)m$, leaving
\[
\sum_{k=1}^{n}\lfloor2k\delta\rfloor = n\lfloor (n+1)\delta\rfloor.\tag{3}
\]
Thus the original condition is equivalent to (3) for $\delta\in[0,1)$; once we know all such $\delta$, the admissible $r$ are exactly $r=m+\delta$ with $m\in\mathbb{N}_0$. (Note $r>0$, so $m\ge0$.)

We now show that the only $\delta\in[0,1)$ satisfying (3) for all $n\in\mathbb{N}$ is $\delta=0$.

For $\delta\in[0,1)$ set $a_n=\{n\delta\}\in[0,1)$. Equation (3) is equivalent to
\[
\sum_{k=1}^{n}\{2k\delta\}=n\,\{(n+1)\delta\}\qquad(\forall n).\tag{4}
\]
For $n\ge2$, subtract the equality for $n-1$ from that for $n$:
\[
\{2n\delta\}=n\,\{(n+1)\delta\}-(n-1)\,\{n\delta\}.\tag{5}
\]
Now $\{2n\delta\}=\{2a_n\}$ because $2n\delta=2(a_n+\lfloor n\delta\rfloor)=2a_n+2\lfloor n\delta\rfloor$ and $2\lfloor n\delta\rfloor$ is an integer. Moreover,
\[
\{(n+1)\delta\}=\{a_n+\delta\}=a_n+\delta-\lfloor a_n+\delta\rfloor.
\]
Set $\varepsilon_n=\lfloor a_n+\delta\rfloor\in\{0,1\}$. Then $\{(n+1)\delta\}=a_n+\delta-\varepsilon_n$. Substituting into (5) yields
\[
\{2a_n\}=n(a_n+\delta-\varepsilon_n)-(n-1)a_n=a_n+n\delta-n\varepsilon_n.\tag{6}
\]
Since $\{2a_n\}\in[0,1)$, we have
\[
0\le a_n+n\delta-n\varepsilon_n<1.\tag{7}
\]

Assume now that $\delta>0$. Choose an integer $N$ such that $N>\max\bigl(\frac1\delta,\frac1{1-\delta}\bigr)$. Then for every $n\ge N$ we have $n\delta\ge1$ and $n(1-\delta)\ge1$. We examine (7) for such $n$.

- If $\varepsilon_n=0$, then $a_n+n\delta\ge n\delta\ge1$, contradicting $a_n+n\delta<1$.
- If $\varepsilon_n=1$, then $a_n+n\delta-n = a_n-n(1-\delta)\le 1-n(1-\delta)\le0$, but the left‑hand side of (7) must be $\ge0$, which forces $a_n-n(1-\delta)=0$. However $a_n<1$ and $n(1-\delta)\ge1$, so $a_n-n(1-\delta)\le0$ and equality would require $a_n=1$ and $n(1-\delta)=1$, which is impossible because $a_n<1$ and $n(1-\delta)>1$ for $n>1/(1-\delta)$. Hence no $n\ge N$ can satisfy (7).

Thus (7) cannot hold for all $n$, contradicting the fact that (7) follows from (4) which must hold for every $n$. Consequently $\delta$ cannot be positive; therefore $\delta=0$.

Hence the only $\delta\in[0,1)$ satisfying (3) is $\delta=0$. Consequently $r=m+\delta$ with $m\in\mathbb{N}_0$ and $\delta=0$, i.e. $r$ is a non‑negative integer. Since $r>0$, $r$ must be a positive integer.

Finally, we verify that every positive integer $r$ indeed satisfies the original condition. If $r$ is a positive integer, then $2kr$ is an integer for every $k$, so $A(kr)=0$, thus $B(n,r)=0$ and $n(n+1)r-B(n,r)=n(n+1)r$ is clearly a multiple of $n$. Hence all positive integers work.

Therefore the set of all positive real numbers $r$ satisfying the condition is precisely the set of positive integers."
PB-Advanced-020,Advanced,Number theory,IMO-medium,0.0,"We first simplify the expression for \(a_n\).  
For \(x\neq y\),

\[
\sum_{i=0}^{n-1} y^i x^{n-i-1} = \frac{x^n-y^n}{x-y},
\]

hence  

\[
(y-x)\Bigl(\sum_{i=0}^{n-1} y^i x^{n-i-1}-1\Bigr)
=(y-x)\Bigl(\frac{x^n-y^n}{x-y}-1\Bigr)=y^n-x^n+x-y.
\]

Thus  

\[
a_n=\gcd(x^n+y,\;y^n-x^n+x-y).
\]

Since \(y^n-x^n+x-y = (y^n+x)-(x^n+y)\), we obtain  

\[
a_n=\gcd(x^n+y,\;x+y^n). \tag{1}
\]

If \(x=y\) the factor \((y-x)\) vanishes, so the definition gives \(a_n = \gcd(x^n+x,0)=x^n+x\).  The formula (1) holds for all positive integers \(x,y\) (for \(x=y\) it gives \(\gcd(x^n+x,x^n+x)=x^n+x\)).

The sequence \((a_n)\) consists of positive integers; if its limit exists it must be finite and the sequence must be eventually constant.

---
### 1.  The case \(x=y\)

Then \(a_n=x^n+x\).  This is constant only when \(x=1\) (giving \(a_n=2\) for all \(n\)).  For \(x>1\) the sequence diverges.  Hence \((1,1)\) is the only solution with \(x=y\).

---
### 2.  The case \(x\neq y\) – reduction to a simpler sequence

Let \(g=\gcd(x,y)\) and write  

\[
x=gu,\qquad y=gv,\qquad \gcd(u,v)=1,\; u\neq v.
\]

From (1),

\[
x^n+y=g\bigl(g^{\,n-1}u^n+v\bigr),\qquad
x+y^n=g\bigl(g^{\,n-1}v^n+u\bigr),
\]

so  

\[
a_n=g\cdot b_n,\qquad 
b_n=\gcd\bigl(g^{\,n-1}u^n+v,\;g^{\,n-1}v^n+u\bigr). \tag{2}
\]

Because the limit of \((a_n)\) exists, the sequence \((b_n)\) is eventually constant.  We determine when this happens.

---
### 3.  A basic lemma

**Lemma 1.**  If a prime \(p\) divides \(b_n\) for some \(n\ge2\), then \(p\nmid g\) and \(p\mid u^2-v^2\).

*Proof.*  From \(p\mid g^{\,n-1}u^n+v\) and \(p\mid g^{\,n-1}v^n+u\) we obtain  

\[
g^{\,n-1}u^n\equiv -v,\qquad g^{\,n-1}v^n\equiv -u\pmod p. \tag{3}
\]

If \(p\mid g\) then the first congruence gives \(v\equiv0\pmod p\) and the second gives \(u\equiv0\pmod p\), contradicting \(\gcd(u,v)=1\).  Hence \(p\nmid g\).  Also, if \(p\mid u\) then from the first congruence \(p\mid v\), impossible, so \(p\nmid u,v\).

Set \(t\equiv u v^{-1}\pmod p\).  Then (3) becomes  

\[
g^{\,n-1}t^n v^n\equiv -v\;\Longrightarrow\; g^{\,n-1}t^n v^{\,n-1}\equiv -1,
\]  
\[
g^{\,n-1}v^n\equiv -t v\;\Longrightarrow\; g^{\,n-1}v^{\,n-1}t\equiv -1.
\]

Multiplying the second congruence by \(t^{\,n-1}\) gives  

\[
g^{\,n-1}v^{\,n-1}t^n\equiv -t^{\,n-1},
\]  

and equating with the first yields \(-t^{\,n-1}\equiv -1\), i.e. \(t^{\,n-1}\equiv1\pmod p\).  Therefore  

\[
u^{\,n-1}\equiv v^{\,n-1}\pmod p. \tag{4}
\]

Now multiply the first congruence of (3) by \(u\) and the second by \(v\) and subtract:

\[
g^{\,n-1}(u^{\,n+1}-v^{\,n+1})\equiv0\pmod p,
\]

and since \(p\nmid g\) we obtain \(u^{\,n+1}\equiv v^{\,n+1}\pmod p\).  Together with (4) we get  

\[
u^{\,n+1}\equiv v^{\,n+1}\equiv u^2 v^{\,n-1}\pmod p,
\]  

and subtracting \(u^2 v^{\,n-1}\) gives  

\[
(u^2-v^2)v^{\,n-1}\equiv0\pmod p.
\]

Because \(p\nmid v\), we have \(p\mid u^2-v^2\).  ∎

Thus every prime divisor of \(b_n\) divides \(u^2-v^2\) and is coprime to \(g\).

---
### 4.  Necessary conditions for odd primes

Assume that the limit of \((a_n)\) exists; then \((b_n)\) is eventually constant.  Let \(c\) be the eventual constant.  We derive necessary conditions on \(u,v,g\).

#### 4.1  Primes dividing \(u+v\)

Let \(p\) be an odd prime dividing \(u+v\) and suppose \(p\nmid g\).  Because \(\gcd(u,v)=1\) and \(p\mid u+v\), we have \(u\equiv -v\pmod p\) and \(p\nmid uv\).  From the congruences for \(b_n\) we obtain

\[
g^{\,n-1}u^n+v\equiv v\bigl((-1)^n g^{\,n-1}v^{\,n-1}+1\bigr)\pmod p,
\]  
\[
g^{\,n-1}v^n+u\equiv v\bigl(g^{\,n-1}v^{\,n-1}-1\bigr)\pmod p.
\]

Since \(p\nmid v\), \(p\) divides both numbers iff  

\[
g^{\,n-1}v^{\,n-1}\equiv1\pmod p,\qquad (-1)^n g^{\,n-1}v^{\,n-1}\equiv-1\pmod p.
\]

The second condition then forces \((-1)^n\equiv-1\), i.e. \(n\) is odd.  Thus \(p\mid b_n\) exactly when \(n\) is odd and \(g^{\,n-1}v^{\,n-1}\equiv1\pmod p\).  Let \(d\) be the order of \(gv\) modulo \(p\) (it exists because \(p\nmid gv\)).  Then the congruence holds for all \(n\) with \(n-1\) a multiple of \(d\) and \(n\) odd; there are infinitely many such \(n\).  Consequently \(p\) divides \(b_n\) for infinitely many \(n\).  Because \((b_n)\) is eventually constant, \(p\) must divide the constant \(c\), so \(p\) divides \(b_n\) for all sufficiently large \(n\).  But for even \(n\) the condition fails, so \(p\) does **not** divide \(b_n\) for those \(n\).  This contradiction shows that such a prime cannot exist.  Therefore every odd prime divisor of \(u+v\) must divide \(g\).  This is condition  

\[
\text{(I)}\qquad\text{every odd prime divisor of }u+v\text{ divides }g.
\]

#### 4.2  Primes dividing \(u-v\)

Let \(p\) be an odd prime dividing \(u-v\) and suppose \(p\nmid g\).  Then \(u\equiv v\pmod p\) and \(p\nmid uv\).  From the congruences for \(b_n\) we obtain  

\[
g^{\,n-1}u^n+v\equiv u\bigl(g^{\,n-1}u^{\,n-1}+1\bigr),\qquad
g^{\,n-1}v^n+u\equiv u\bigl(g^{\,n-1}u^{\,n-1}+1\bigr)\pmod p.
\]

Hence \(p\mid b_n\) iff \(g^{\,n-1}u^{\,n-1}\equiv-1\pmod p\), i.e. \((gu)^{\,n-1}\equiv-1\pmod p\).  This congruence has a solution iff the order of \(gu\) modulo \(p\) is even.  If the order is even, there are infinitely many \(n\) satisfying it, and the same argument as above leads to a contradiction.  Therefore the order must be odd.  Thus for every odd prime \(p\) dividing \(u-v\) with \(p\nmid g\),

\[
\text{(II)}\qquad\text{the order of }gu\text{ modulo }p\text{ is odd}.
\]

---
### 5.  Analysis of the prime \(2\)

Now we consider the prime \(2\).  The parity of \(u\) and \(v\) determines whether \(2\) can divide \(b_n\).

#### 5.1  \(u\) and \(v\) have opposite parity

Then \(u^2-v^2\) is odd, so by Lemma 1 no prime \(2\) can divide any \(b_n\).  Hence \(b_n\) is odd.  Conditions (I) and (II) already exclude any odd prime factor, so \(b_n=1\) for all sufficiently large \(n\).  Consequently the limit exists (and equals \(g\)).

#### 5.2  \(u\) and \(v\) are both odd

Now \(u^2-v^2\) is even, so \(2\) may divide \(b_n\).  Write  

\[
a = u\bmod4,\quad b = v\bmod4,\quad c = g\bmod4,
\]  

all in \(\{1,3\}\).

For any \(n\ge2\),

\[
A_n = g^{\,n-1}u^n+v,\qquad B_n = g^{\,n-1}v^n+u.
\]

We examine the 2‑adic valuations.

*If \(g\) is even*, then for \(n\ge2\) the number \(g^{\,n-1}\) is even, while \(u^n\) and \(v\) are odd, so \(A_n\) and \(B_n\) are odd.  Hence \(v_2(A_n)=v_2(B_n)=0\), so \(b_n\) is odd.  Conditions (I) and (II) again force \(b_n=1\) for large \(n\).

*If \(g\) is odd*, we compute \(A_n\) and \(B_n\) modulo \(4\).

- For odd \(n\): \(n-1\) is even, so \(g^{\,n-1}\equiv1\pmod4\).  Moreover \(u^n\equiv a\), \(v^n\equiv b\).  Thus  

\[
A_n\equiv a+b\pmod4,\qquad B_n\equiv a+b\pmod4.
\]

- For even \(n\): \(n-1\) is odd, so \(g^{\,n-1}\equiv c\pmod4\).  Also \(u^n\equiv1\) if \(a=3\) and \(n\) even, otherwise \(u^n\equiv a\); similarly for \(v\).  Denote \(a' = 1\) if \(a=3\), \(a'=a\) if \(a=1\); likewise \(b'\).  Then  

\[
A_n\equiv c\,a'+b\pmod4,\qquad B_n\equiv c\,b'+a\pmod4.
\]

Since \(b_n\) is eventually constant, the minimum of \(v_2(A_n)\) and \(v_2(B_n)\) must be the same for all sufficiently large \(n\).  We examine the possibilities.

If \(a\neq b\) then \(a+b\equiv0\pmod4\), so for odd \(n\) we have \(v_2(A_n)\ge2\).  For even \(n\) we compute: because \(a\neq b\), the two residues \(c\,a'+b\) and \(c\,b'+a\) are different; one of them must be \(\equiv2\pmod4\) (since their sum is \(c(a'+b')+a+b\equiv c(a'+b')+0\pmod4\), but a direct check shows that they cannot both be \(0\) modulo \(4\)).  Hence for even \(n\) the minimum valuation is exactly \(1\).  Thus the valuations cannot be constant.  Therefore we must have \(a=b\), i.e. \(u\equiv v\pmod4\).

Now assume \(a=b\).  Then for odd \(n\) we have \(a+b\equiv2\pmod4\), so \(v_2(A_n)=v_2(B_n)=1\).  For even \(n\), both \(A_n\) and \(B_n\) are congruent to \(c\,a'+a\) modulo \(4\).  For the minimum to be \(1\) we need \(c\,a'+a\equiv2\pmod4\).  Since \(a\) is \(1\) or \(3\), we have:

- if \(a=1\) then \(a'=1\), so condition becomes \(c+1\equiv2\pmod4\;\Rightarrow\;c\equiv1\pmod4\);
- if \(a=3\) then \(a'=1\), so condition becomes \(c+3\equiv2\pmod4\;\Rightarrow\;c\equiv3\pmod4\).

Thus \(c\equiv a\pmod4\), i.e. \(g\equiv u\pmod4\).

Consequently, if the limit exists and \(u,v\) are both odd with \(g\) odd, we must have  

\[
\text{(III)}\qquad u\equiv v\pmod4\;\text{and}\; g\equiv u\pmod4.
\]

Conversely, under these conditions one checks that for every \(n\ge2\),

\[
v_2(A_n)=v_2(B_n)=1,
\]

so the 2‑adic valuation of \(b_n\) is \(1\).

---
### 6.  Sufficiency

We now show that the conditions derived are also sufficient.

Assume \(x\neq y\) and write \(g=\gcd(x,y)\), \(x=gu\), \(y=gv\) with \(\gcd(u,v)=1\).  Suppose the following hold:

* (I) every odd prime divisor of \(u+v\) divides \(g\);
* (II) for every odd prime \(p\) dividing \(u-v\) that does **not** divide \(g\), the order of \(gu\) modulo \(p\) is odd;
* (III) if \(u\) and \(v\) are both odd, then either \(g\) is even, or (\(g\) is odd and \(u\equiv v\pmod4\) and \(g\equiv u\pmod4\)).

We prove that then \(b_n=1\) for all sufficiently large \(n\), so the limit of \((a_n)\) exists and equals \(g\) (the case \((1,1)\) is handled separately).

Let \(p\) be any prime.

*If \(p\mid g\)*, then from the congruences for \(b_n\) we have  

\[
A_n\equiv v,\qquad B_n\equiv u\pmod p.
\]

Because \(p\mid g\) and \(\gcd(u,v)=1\), we have \(p\nmid u,v\); thus \(p\) does **not** divide \(b_n\).

*If \(p\) is odd and \(p\nmid g\)*, then by Lemma 1 any prime dividing \(b_n\) must divide \(u^2-v^2\).  

- If \(p\mid u+v\) and \(p\nmid g\), condition (I) forces \(p\mid g\), a contradiction.  
- If \(p\mid u-v\) and \(p\nmid g\), condition (II) says the order of \(gu\) modulo \(p\) is odd; then the congruence \((gu)^{\,n-1}\equiv-1\pmod p\) has no solution, so \(p\) never divides \(b_n\).

Hence no odd prime can divide \(b_n\).

*If \(p=2\)*, we consider the parity of \(u,v\).

- If \(u\) and \(v\) have opposite parity, then \(u^2-v^2\) is odd, so by Lemma 1 \(2\) cannot divide any \(b_n\).  
- If \(u\) and \(v\) are both odd and \(g\) is even, then for \(n\ge2\) we have \(v_2(A_n)=v_2(B_n)=0\), so \(2\) does not divide \(b_n\).  
- If \(u\) and \(v\) are both odd and \(g\) is odd, then condition (III) ensures that \(u\equiv v\pmod4\) and \(g\equiv u\pmod4\).  A direct computation shows that for all \(n\ge2\), \(v_2(A_n)=v_2(B_n)=1\) and the odd parts are coprime (by the odd‑prime conditions), so \(b_n=2\).

Thus for all large \(n\), the only possible common divisor of \(A_n\) and \(B_n\) is \(1\) (or \(2\) in the last case).  Consequently \(b_n=1\) for all \(n\) when \(u,v\) are not both odd with \(g\) odd, and \(b_n=2\) for all \(n\) in that subcase.  In either case \(b_n\) is eventually constant, so \((a_n)=g\,b_n\) is eventually constant and its limit is \(g\) (or \(2g\) in the subcase \(u,v\) both odd and \(g\) odd).  This completes the sufficiency proof.

---
### 7.  Final description

The limit of \((a_n)\) exists precisely for the following pairs \((x,y)\) of positive integers:

* \((1,1)\);
* all pairs with \(x\neq y\) for which, writing \(g=\gcd(x,y)\) and \(x=gu,\;y=gv\) with \(\gcd(u,v)=1\), the following hold:

  1. every odd prime divisor of \(u+v\) divides \(g\);
  2. for every odd prime \(p\) dividing \(u-v\) that does **not** divide \(g\), the multiplicative order of \(gu\) modulo \(p\) is odd;
  3. if \(u\) and \(v\) are both odd, then either \(g\) is even, or (\(g\) is odd and \(u\equiv v\pmod4\) and \(g\equiv u\pmod4\)).

In all these cases the limit equals \(g\) when \(x\neq y\) (and equals \(2\) for \((1,1)\)).  This completes the solution."
PB-Advanced-021,Advanced,Combinatorics,IMO-hard,1.0,"We consider the infinite sequence \(a_1,a_2,a_3,\dots\) where \(a_n\) is the number chosen by the \(n\)-th person.  The people alternate genders, so the odd indices are the boys and the even indices are the girls (or the opposite, but the statement is symmetric).  The rule is: for \(m>N\),

\[
a_m = 1+\#\{\,k\le m-2\mid a_k=a_{m-1}\,\}.
\]

Equivalently, for \(n>N\),

\[
a_{n+1}=1+\#\{\,k\le n-1\mid a_k=a_n\,\}. \tag{1}
\]

---
### 1.  The sequence is unbounded

Assume that the sequence is bounded by some constant \(B\).  Then the set of values that occur is finite.  Since the sequence is infinite, some value \(x\) occurs infinitely often.  Let \(n_1<n_2<\dots\) be the indices with \(a_{n_j}=x\).  For all sufficiently large \(j\) we have \(n_j>N\); then by (1)

\[
a_{n_j+1}=1+\#\{\,k\le n_j-1\mid a_k=x\,\}=1+(j-1).
\]

Thus \(a_{n_j+1}\) takes arbitrarily large values, contradicting the boundedness.  Hence the sequence is unbounded.

---
### 2.  Infinitely many \(1\)’s appear

Because the sequence is unbounded, it contains infinitely many distinct values.  Each distinct value \(v\) has a first occurrence at some index \(n_v\).  If \(n_v>N\), then by (1) we have \(a_{n_v+1}=1\) (since the count of \(v\) before \(n_v\) is \(0\)).  Only finitely many indices are \(\le N\), so only finitely many distinct values can have their first occurrence at an index \(\le N\).  Consequently, there are infinitely many distinct values whose first occurrence is after \(N\); for each such value we obtain a \(1\) at the next position.  Therefore the number \(1\) occurs infinitely often.

---
### 3.  Positions of the \(1\)’s

Let \(p_1<p_2<p_3<\dots\) be the indices with \(a_{p_k}=1\).  For all sufficiently large \(k\) we have \(p_k>N\); then (1) gives

\[
a_{p_k+1}=1+\#\{\,i\le p_k-1\mid a_i=1\,\}=k. \tag{2}
\]

---
### 4.  The first occurrence of every large integer is at \(p_i+1\)

Set \(M=\max\{a_1,\dots,a_N\}\).  For any integer \(i>M\) the value \(i\) does not appear among the first \(N\) terms.  We shall prove that for all \(i>M\) the first occurrence of \(i\) is exactly at the index \(p_i+1\).

Assume, to the contrary, that there exists some integer \(k>M\) whose first occurrence is not at \(p_k+1\).  Let \(k\) be the smallest such integer.  Then for every \(j\) with \(M<j<k\) the first occurrence of \(j\) is at \(p_j+1\) (otherwise \(j\) would be a smaller counterexample).  

Since the first occurrence of \(k\) is not at \(p_k+1\), it occurs at some index \(q<p_k+1\).  Because \(k>M\), the first occurrence of \(k\) must be after \(N\); therefore \(q>N\).  Then by (1) we have \(a_{q+1}=1\), so \(q+1\) is a \(1\)-position.  Hence \(q=p_j-1\) for some \(j\).  From \(q<p_k+1\) we get \(p_j\le p_k+1\); because the \(p\)’s are increasing, this implies \(j\le k\).  We consider two possibilities.

* **Case \(j<k\).**  Then \(a_{p_j-1}=k\).  We claim that every term whose index is less than \(p_k\) is at most \(k-1\).  Indeed, by the minimality of \(k\) we know that for every \(j'\) with \(M<j'<k\) the first occurrence of \(j'\) is at \(p_{j'}+1\).  Using the recurrence we can compute the terms between these positions.  For any such \(j'\) we have \(p_{j'+1}=p_{j'}+2\) (since \(a_{p_{j'}+1}=j'\) is new, so \(a_{p_{j'}+2}=1\)).  Then the pattern from \(p_{j'}\) onward is

\[
1,\; j',\; 1,\; j'+1,\; 1,\; j'+2,\; 1,\; \dots
\]

Consequently, all numbers that appear before the index \(p_k\) are either from the initial segment (each at most \(M<k\)) or belong to the set \(\{1,2,\dots,k-1\}\).  Thus every term with index \(<p_k\) is \(\le k-1\).  But \(p_j-1<p_k\) (since \(j<k\)) and \(a_{p_j-1}=k\), a contradiction.

* **Case \(j=k\).**  Then \(a_{p_k-1}=k\).  The same bound shows that \(a_{p_k-1}\le k-1\), impossible.

Thus no such \(k\) exists.  Therefore for every \(i>M\) the first occurrence of \(i\) is at \(p_i+1\).

---
### 5.  Gaps between consecutive \(1\)’s become constant \(2\)

Take any \(i>M\).  The first occurrence of \(i\) is at \(p_i+1\), so the count of \(i\) among the first \(p_i\) terms is \(0\).  Applying the recurrence at \(m=p_i+2\) (note that \(p_i>N\) for large \(i\)),

\[
a_{p_i+2}=1+\#\{\,k\le p_i\mid a_k=i\,\}=1.
\]

Hence \(p_{i+1}=p_i+2\) for all \(i>M\).  Consequently, for all sufficiently large indices the positions of the \(1\)’s form an arithmetic progression with difference \(2\); in particular they all have the same parity (all odd or all even).

---
### 6.  One of the gender subsequences is eventually periodic

Let \(\varepsilon\) be the parity of the positions \(p_i\) for large \(i\) (say \(\varepsilon=0\) for even, \(\varepsilon=1\) for odd).  Then for every index \(n\ge p_{M+1}\) that has parity \(\varepsilon\) we have \(a_n=1\).  The indices of a given parity are exactly the positions of one gender (boys if the first person is a boy and \(\varepsilon=1\), or boys if the first person is a girl and \(\varepsilon=0\); the exact assignment does not matter).  Therefore the sequence of numbers chosen by that gender is eventually constant \(1\), which is periodic.  Hence at least one of the two required sequences \(\{b_n\}_{n\ge M}\) or \(\{g_n\}_{n\ge M}\) is eventually periodic.

∎"
PB-Advanced-022,Advanced,Geometry,IMO-easy,7.0,"We prove that \(\angle NIM + \angle B'KC' = 180^\circ\).

---
### 1.  Notation and preliminaries

Let \(a = BC,\; b = CA,\; c = AB\) and denote the angles by \(A,B,C\).  
Set the semiperimeter \(s = \frac{a+b+c}{2}\), the area \(\Delta\) and the inradius \(r = \frac{\Delta}{s}\).  
Introduce the half‑angle cotangents  

\[
x = \cot\frac A2,\qquad y = \cot\frac B2,\qquad z = \cot\frac C2 .
\]

Standard identities give  

\[
\begin{aligned}
a &= r(y+z), & b &= r(x+z), & c &= r(x+y),\\[1mm]
s &= r(x+y+z),\\[1mm]
s-a &= rx,\qquad s-b = ry,\qquad s-c = rz,\\[1mm]
xyz &= x+y+z . \tag{1}
\end{aligned}
\]

The last relation follows from \(\tan\frac A2\tan\frac B2+\tan\frac B2\tan\frac C2+\tan\frac C2\tan\frac A2 =1\) after converting to cotangents.

---
### 2.  Coordinates

Place the triangle with \(B=(0,0),\; C=(a,0)\) and \(A=(u,v)\) where \(v>0\).  
The altitude from \(A\) is \(h=v = \frac{2\Delta}{a}= \frac{2rs}{a}\).  
The incenter is \(I=(s-b,\,r) = (ry,\,r)\).  
The midpoints are  

\[
N=\Bigl(\frac{u}{2},\frac{v}{2}\Bigr)\quad(\text{midpoint of }AB),\qquad
M=\Bigl(\frac{u+a}{2},\frac{v}{2}\Bigr)\quad(\text{midpoint of }CA).
\]

---
### 3.  Computing \(\angle NIM\)

From the triangle \(IAB\) and the median \(IN\),

\[
IN^2 = \frac{2IA^2+2IB^2-AB^2}{4}.
\]

Using \(IA = \frac{r}{\sin\frac A2}=r\sqrt{1+x^2}\), \(IB = r\sqrt{1+y^2}\), \(AB=c=r(x+y)\),

\[
IN^2 = \frac{r^2\bigl(4+(x-y)^2\bigr)}{4}.
\]

Similarly,

\[
IM^2 = \frac{r^2\bigl(4+(x-z)^2\bigr)}{4},\qquad
NM = \frac{a}{2}= \frac{r(y+z)}{2}.
\]

The dot product is

\[
IN\cdot IM = \frac{IN^2+IM^2-NM^2}{2}
           = \frac{r^2\bigl(4+x^2-x(y+z)-yz\bigr)}{4}. \tag{2}
\]

The cross product magnitude is

\[
|IN\times IM| = \bigl|(x_N-x_M)(v/2-r)\bigr|
               = \frac{a}{2}\Bigl(\frac{v}{2}-r\Bigr).
\]

Since \(\frac{v}{2}-r = \frac{h}{2}-r = \frac{rs}{a}-r = r\frac{s-a}{a}= \frac{r^2x}{a}\),

\[
|IN\times IM| = \frac{a}{2}\cdot\frac{r^2x}{a}= \frac{r^2x}{2}. \tag{3}
\]

Hence

\[
\tan\angle NIM = \frac{|IN\times IM|}{IN\cdot IM}
               = \frac{r^2x/2}{\displaystyle\frac{r^2}{4}\bigl(4+x^2-x(y+z)-yz\bigr)}
               = \frac{2x}{D}, \tag{4}
\]

where \(D = 4+x^2-x(y+z)-yz\).

---
### 4.  Coordinates of \(B'\) and \(C'\)

The line \(AC\) has equation \(vx+(a-u)y=va\).  
The line through \(B'=(t,0)\) parallel to \(AC\) is \(vx+(a-u)y=vt\).  
The distance from \(A\) to this line equals the distance between the two parallel lines, which is \(2r\) because both are tangent to the incircle and lie on opposite sides.  Using the distance from \(A\):

\[
\frac{|v\,u+(a-u)v-vt|}{b}= \frac{v(a-t)}{b}=2r
\;\Longrightarrow\; t = a-\frac{2rb}{v}= a-\frac{ab}{s}= \frac{a(s-b)}{s}.
\]

Thus  

\[
B'=\Bigl(\frac{a(s-b)}{s},\,0\Bigr)
   =\Bigl(\frac{r y(y+z)}{x+y+z},\,0\Bigr). \tag{5}
\]

Analogously, the line \(AB\) is \(vx-uy=0\); the line through \(C'=(t',0)\) parallel to \(AB\) is \(vx-uy=vt'\).  
The distance from \(A\) to this line is \(\frac{v\,t'}{c}=2r\), so  

\[
t' = \frac{2rc}{v}= \frac{ac}{s}
   =\frac{r(x+y)(y+z)}{x+y+z}.
\]

Hence  

\[
C'=\Bigl(\frac{ac}{s},\,0\Bigr)
   =\Bigl(\frac{r(x+y)(y+z)}{x+y+z},\,0\Bigr). \tag{6}
\]

---
### 5.  Coordinates of \(K\)

\(K\) is the midpoint of the arc \(BC\) of the circumcircle that does **not** contain \(A\).  
It lies on the perpendicular bisector of \(BC\) (\(x=\frac a2\)) and on the circumcircle on the opposite side of \(BC\) from \(A\).  
The circumcenter is  

\[
O=\Bigl(\frac a2,\; \frac{b^2+c^2-a^2}{4v}\Bigr),\qquad
R=\frac{abc}{4\Delta}= \frac{r(x+y)(x+z)(y+z)}{4(x+y+z)}.
\]

The \(y\)‑coordinate of the point on the circumcircle with \(x=\frac a2\) and below \(BC\) is  

\[
y_K = \frac{b^2+c^2-a^2}{4v} - R.
\]

Using \(b^2+c^2-a^2 = 2r^2\bigl(x^2+x(y+z)-yz\bigr)\) and \(v = \frac{2rs}{a}\) we obtain  

\[
y_K = -\frac{r\,yz\,(y+z)}{2(x+y+z)}. \tag{7}
\]

Thus  

\[
K=\Bigl(\frac a2,\; -\frac{r\,yz\,(y+z)}{2S}\Bigr),\qquad S=x+y+z.
\]

---
### 6.  Computing \(\angle B'KC'\)

From (5), (6) and (7) we have  

\[
\begin{aligned}
x_{B'}-\frac a2 &= \frac{r(y+z)(y-x-z)}{2S},\\[1mm]
x_{C'}-\frac a2 &= \frac{r(y+z)(x+y-z)}{2S},\\[1mm]
-y_K &= \frac{r\,yz\,(y+z)}{2S}.
\end{aligned}
\]

The vectors from \(K\) to \(B'\) and \(C'\) are  

\[
\vec{KB'} = \Bigl(\frac{r(y+z)(y-x-z)}{2S},\; \frac{r\,yz\,(y+z)}{2S}\Bigr),\qquad
\vec{KC'} = \Bigl(\frac{r(y+z)(x+y-z)}{2S},\; \frac{r\,yz\,(y+z)}{2S}\Bigr).
\]

Their cross product magnitude is  

\[
|\vec{KB'}\times\vec{KC'}| = (-y_K)\,\bigl|x_{C'}-x_{B'}\bigr|
   = \frac{r\,yz\,(y+z)}{2S}\cdot\frac{r x (y+z)}{S}
   = \frac{r^2 x yz (y+z)^2}{2S^2}. \tag{8}
\]

The dot product is  

\[
\vec{KB'}\cdot\vec{KC'} = \frac{r^2(y+z)^2}{4S^2}\Bigl[(y-x-z)(x+y-z)+y^2z^2\Bigr]. \tag{9}
\]

Therefore  

\[
\tan\angle B'KC' = \frac{|\vec{KB'}\times\vec{KC'}|}{\vec{KB'}\cdot\vec{KC'}}
                = \frac{2xyz}{Q}, \qquad
Q = (y-x-z)(x+y-z)+y^2z^2. \tag{10}
\]

Simplify \(Q\).  Expanding,

\[
(y-x-z)(x+y-z) = (y-z)^2 - x^2,
\]

so \(Q = (y-z)^2 - x^2 + y^2z^2\).  
Using the identity \(xyz = x+y+z\) we show  

\[
Q = -yz\bigl(4+x^2-x(y+z)-yz\bigr). \tag{11}
\]

Indeed,  

\[
\begin{aligned}
-yz\bigl(4+x^2-x(y+z)-yz\bigr)
&= -4yz - x^2yz + xyz(y+z) + y^2z^2\\
&= -4yz - x^2yz + (x+y+z)(y+z) + y^2z^2\\
&= -4yz - x^2yz + x(y+z) + (y+z)^2 + y^2z^2\\
&= -4yz - x^2yz + xy + xz + y^2+2yz+z^2 + y^2z^2\\
&= -x^2yz + xy + xz + y^2+z^2 -2yz + y^2z^2.
\end{aligned}
\]

Since \(x^2yz = x(xyz) = x(x+y+z) = x^2+xy+xz\), this becomes  

\[
-(x^2+xy+xz) + xy + xz + y^2+z^2 -2yz + y^2z^2
= -x^2 + y^2+z^2 -2yz + y^2z^2 = (y-z)^2 - x^2 + y^2z^2 = Q.
\]

Thus from (10) and (11),

\[
\tan\angle B'KC' = \frac{2xyz}{-yz\,D} = -\frac{2x}{D} = -\tan\angle NIM. \tag{12}
\]

---
### 7.  Conclusion

Both \(\angle NIM\) and \(\angle B'KC'\) are interior angles of triangles, hence lie in \((0,\pi)\).  
If \(D \neq 0\) then \(\tan\angle NIM = -\tan\angle B'KC' = \tan(\pi-\angle B'KC')\), so  

\[
\angle NIM = \pi - \angle B'KC' \quad\Longrightarrow\quad
\angle NIM + \angle B'KC' = \pi = 180^\circ.
\]

If \(D = 0\) then both angles are \(90^\circ\) (the tangents are undefined but the angles are clearly right angles from the geometry), and their sum is also \(180^\circ\).  

Hence the required value is  

\[
\boxed{180^\circ}.
\]"
PB-Advanced-023,Advanced,Combinatorics,IMO-medium,0.0,"We consider the grid with rows \(1,\dots,3002\) and columns \(1,\dots,3001\). The stone starts at \((1,1)\). Peter selects exactly one cell in each row \(2,\dots,3001\) and at most one per column; consequently exactly one column contains no selected cell. Call such a column a *safe column*. James moves to adjacent cells; if he ever steps on a selected cell he receives a penalty of \(1\) point and the stone returns to \((1,1)\). His goal is to reach any cell of row \(3002\).

We are asked for the smallest positive integer \(n\) such that there exists a method for James to achieve his goal before receiving \(n\) penalty points.

**Upper bound: \(n=3001\) works.**  
James adopts the following strategy: for \(c=1,2,\dots,3001\) in order, he first moves horizontally from \((1,1)\) to \((1,c)\) (row \(1\) has no selected cells, so this is safe). Then he moves straight down column \(c\) until he either reaches row \(3002\) or steps on a selected cell. If he reaches row \(3002\), he succeeds. If he steps on a selected cell, he receives a penalty, the stone resets to \((1,1)\), and he proceeds to the next \(c\). Since there is exactly one safe column, the worst case occurs when the safe column is the last one tested (\(c=3001\)). In that case he incurs exactly \(3000\) penalties before succeeding. Thus he can guarantee success with at most \(3000\) penalties, so \(n=3001\) is admissible.

**Lower bound: no strategy can guarantee success with fewer than \(3000\) penalties.**  
Assume, for contradiction, that there exists a deterministic strategy that guarantees success with at most \(2999\) penalties. We show that this is impossible.

Consider any deterministic strategy of James. The only information he receives about the selected cells is from the penalties: each time he steps on a selected cell he learns its exact coordinates. To identify the safe column, he must have the information that every other column contains a selected cell. The only way to know that a column contains a selected cell is to have stepped on that selected cell (because the stone cannot see the selection beforehand). Therefore, before the final successful attempt, James must have stepped on the selected cells of at least \(3000\) columns. Each such step incurs a penalty. Hence he must receive at least \(3000\) penalties before he can reach row \(3002\). This contradicts the assumption that he could guarantee success with at most \(2999\) penalties. Thus no strategy can guarantee success with fewer than \(3000\) penalties.

Consequently, the smallest integer \(n\) for which James has a method to achieve his goal before receiving \(n\) penalty points is \(n=3001\).

\[
\boxed{3001}
\]"
PB-Advanced-024,Advanced,Algebra,IMO-hard,0.0,"Let \(P:\mathbb{Q}\to\mathbb{Q}\) satisfy  
\[
\bigl(P(b-P(a))+a-P(b)\bigr)\bigl(P(a+P(b-P(a)))-b\bigr)=0\qquad(\forall a,b\in\mathbb{Q}).
\]  
We prove that the only such functions are \(P(x)=x\) and \(P(x)=-x\); for both we have  
\(S=\{P(a)+P(-a):a\in\mathbb{Q}\}=\{0\}\), so the set is finite and the maximum possible number of elements is \(1\).

---

### 1.  \(P(0)=0\)

Set \(c=P(0)\).

* From \(a=0,\;b=c\):  
\[
\bigl(P(c-c)-P(c)\bigr)\bigl(P(P(c-c))-c\bigr)=\bigl(c-P(c)\bigr)\bigl(P(c)-c\bigr)=-(c-P(c))^{2}=0,
\]  
hence \(P(c)=c\).

* From \(a=c,\;b=c\):  
\[
\bigl(P(c-P(c))+c-P(c)\bigr)\bigl(P(c+P(c-P(c)))-c\bigr)
=\bigl(P(0)+c-c\bigr)\bigl(P(c+P(0))-c\bigr)=c\bigl(P(2c)-c\bigr)=0.
\]  
Thus either \(c=0\) or \(P(2c)=c\).

* From \(a=c,\;b=2c\):  
\[
\begin{aligned}
b-P(a)&=2c-c=c,\\
\text{first factor}&=P(c)+c-P(2c)=c+c-P(2c)=2c-P(2c),\\
\text{second factor}&=P(c+P(c))-2c=P(2c)-2c.
\end{aligned}
\]  
Hence \((2c-P(2c))(P(2c)-2c)=-(P(2c)-2c)^{2}=0\), so \(P(2c)=2c\).

If \(c\neq0\) then we would have both \(P(2c)=c\) and \(P(2c)=2c\), which forces \(c=2c\) and thus \(c=0\), a contradiction. Therefore \(c=0\); i.e. \(P(0)=0\).

---

### 2.  \(P\) is an involution

Set \(u=b-P(a)\); then \(b=u+P(a)\). Substituting into the given equation gives  
\[
\bigl(P(u)+a-P(u+P(a))\bigr)\bigl(P(a+P(u))-u-P(a)\bigr)=0\qquad(\forall a,u\in\mathbb{Q}). \tag{1}
\]  
Put \(u=0\) in (1):  
\[
\bigl(P(0)+a-P(P(a))\bigr)\bigl(P(a+P(0))-0-P(a)\bigr)
=\bigl(a-P(P(a))\bigr)\bigl(P(a)-a\bigr)=0.
\]  
For every \(a\in\mathbb{Q}\) we have \((a-P(P(a)))(P(a)-a)=0\).  
If \(P(a)\neq a\) then the second factor is non‑zero, so the first must be zero: \(a=P(P(a))\).  
If \(P(a)=a\) then \(P(P(a))=a\) trivially. Hence  
\[
P(P(a))=a\qquad(\forall a\in\mathbb{Q}). \tag{2}
\]  
Thus \(P\) is an involution; in particular it is bijective.

---

### 3.  A functional equation holds everywhere

Define \(T(a,u)=P(u+P(a))-P(u)-a\).  
Equation (1) can be rewritten as  
\[
\bigl(-T(a,u)\bigr)\bigl(T(u,a)\bigr)=0\quad\Longrightarrow\quad T(a,u)\,T(u,a)=0\qquad(\forall a,u). \tag{3}
\]

Suppose there exist \(a_0,u_0\) with \(T(a_0,u_0)\neq0\). Then from (3) we must have \(T(u_0,a_0)=0\), i.e.  
\[
P(a_0+P(u_0))=P(a_0)+u_0. \tag{4}
\]  
Apply \(P\) to both sides of (4) and use (2):  
\[
a_0+P(u_0)=P(P(a_0)+u_0)=P(u_0+P(a_0)).
\]  
Consequently  
\[
T(a_0,u_0)=P(u_0+P(a_0))-P(u_0)-a_0=(a_0+P(u_0))-P(u_0)-a_0=0,
\]  
contradicting the assumption. Hence \(T(a,u)=0\) for all \(a,u\); therefore  
\[
P(u+P(a))=P(u)+a\qquad(\forall a,u\in\mathbb{Q}). \tag{5}
\]

---

### 4.  Additivity of \(P\)

Because \(P\) is bijective, for any \(x,y\in\mathbb{Q}\) we can choose \(a,b\in\mathbb{Q}\) such that \(x=P(a)\) and \(y=P(b)\).  
Using (5) with \(u=P(b)\) and \(a=a\):  
\[
P(P(b)+P(a))=P(P(b))+a=b+a.
\]  
But \(P(P(b)+P(a))=P(x+y)\) and \(b+a=P(P(a))+P(P(b))=P(x)+P(y)\). Hence  
\[
P(x+y)=P(x)+P(y)\qquad(\forall x,y\in\mathbb{Q}),
\]  
so \(P\) is additive.

---

### 5.  Determining \(P\)

An additive function on \(\mathbb{Q}\) is \(\mathbb{Q}\)-linear: there exists \(k\in\mathbb{Q}\) such that \(P(x)=kx\) for all \(x\).  
From the involution (2) we obtain \(k^{2}x=x\) for every \(x\); thus \(k^{2}=1\) and \(k=\pm1\). Consequently  
\[
P(x)=x\quad\text{or}\quad P(x)=-x.
\]

---

### 6.  The set \(S\)

For \(P(x)=x\) we have \(P(a)+P(-a)=a+(-a)=0\).  
For \(P(x)=-x\) we have \(P(a)+P(-a)=(-a)+a=0\).  
Hence in both cases \(S=\{0\}\), a finite set with exactly one element. Therefore the maximum possible number of elements in \(S\) is \(\boxed{1}\)."
PB-Advanced-025,Advanced,Number theory,IMO-easy,7.0,"Let \(k,d\) be positive integers.  Set \(b=2n\) for an odd positive integer \(n\).  The base-\(b\) expansion of \(n^k\) is
\[
n^k = \sum_{i=0}^{m} a_i b^i,\qquad 0\le a_i<b,
\]
where \(m\) is the highest index with \(a_m\neq0\).  For \(n>2^{k-1}\) we have
\(n^k > b^{k-1}\) and \(n^k < b^k\), hence \(m=k-1\) and the expansion has exactly \(k\) digits.
We will work with \(n\) large enough so that this holds.

For any \(i\) with \(0\le i\le k-1\) we obtain
\[
a_i = \left\lfloor\frac{n^k\bmod b^{i+1}}{b^i}\right\rfloor
      = \left\lfloor b\,\Bigl\{\frac{n^{k-i-1}}{2^{i+1}}\Bigr\}\right\rfloor
      = \left\lfloor 2n\,\Bigl\{\frac{n^{k-i-1}}{2^{i+1}}\Bigr\}\right\rfloor,
\]
where \(\{x\}=x-\lfloor x\rfloor\).  Because \(n\) is odd, \(n^{k-i-1}\) is odd, so its remainder modulo \(2^{i+1}\) is an odd number at least \(1\).  Consequently
\[
\Bigl\{\frac{n^{k-i-1}}{2^{i+1}}\Bigr\} \ge \frac{1}{2^{i+1}}.
\]
Hence
\[
a_i \ge \left\lfloor 2n\cdot\frac{1}{2^{i+1}}\right\rfloor = \left\lfloor\frac{n}{2^i}\right\rfloor .
\tag{1}
\]

We require all digits to exceed \(d\).  From (1) it is enough that
\[
\left\lfloor\frac{n}{2^i}\right\rfloor > d
\qquad\text{for all } i=0,1,\dots,k-1.
\]
This inequality is satisfied if \(n\ge 2^i(d+1)\), because then \(\frac{n}{2^i}\ge d+1\) and the floor is at least \(d+1\).

The most restrictive condition occurs for the largest index \(i=k-1\), so we need
\(n\ge 2^{k-1}(d+1)\).  Choose \(N = 2^{k-1}(d+1)\).  Now take any odd integer \(n>N\).
Then \(n\ge N+1\) (since \(N\) is an integer and \(n\) is odd), so
\(n > 2^{k-1}(d+1)\).  Consequently for every \(i\le k-1\) we have
\(n\ge 2^{i}(d+1)\); therefore \(\left\lfloor\frac{n}{2^i}\right\rfloor \ge d+1\).
By (1) we obtain \(a_i\ge d+1 > d\) for all \(i=0,\dots,k-1\).

Thus for every odd \(n>N\) the base-\(2n\) digits of \(n^k\) are all greater than \(d\).  ∎"
PB-Advanced-026,Advanced,Algebra,IMO-medium,6.25,"We prove the statement by contradiction. Assume that all roots of \(P\) are real.  
Since \(P\) has real coefficients, no repeated roots, and nonzero constant term, we can write  
\[
P(x)=c\prod_{i=1}^{n}(x-r_i),
\]  
where \(c\neq0\) and the \(r_i\) are distinct nonzero real numbers.

For any \(k\)-element subset \(S\subseteq\{1,\dots,n\}\) the monic polynomial  
\[
Q_S(x)=\prod_{i\in S}(x-r_i)=x^k-\sigma_1(S)x^{k-1}+\sigma_2(S)x^{k-2}-\cdots+(-1)^k\sigma_k(S)
\]  
divides \(P\) (up to a constant factor). The hypothesis says that the product of the coefficients of \(Q_S\) is zero; because the constant term is \((-1)^k\prod_{i\in S}r_i\neq0\), this forces that for every \(k\)-subset \(S\) there exists an index \(j\in\{1,\dots,k-1\}\) with \(\sigma_j(S)=0\).  

We shall obtain a contradiction by showing that under the assumption that all roots are real there exists a \(k\)-subset \(S\) for which all \(\sigma_j(S)\;(1\le j\le k-1)\) are nonzero.

**Case \(k=1\).** Then the hypothesis requires that every linear divisor \(a_1x+a_0\) of \(P\) satisfies \(a_0a_1=0\). If all roots are real, each root \(r_i\) gives the divisor \(x-r_i\) (up to scaling), whose coefficients are \(1\) and \(-r_i\); the product is \(-r_i\neq0\). This is impossible, so \(P\) must have a non‑real root. Hence we may assume \(k\ge2\) in the following.

**Lemma.** Let \(R\) be a set of \(k+1\) distinct nonzero real numbers. Then there exists a \(k\)-element subset \(S\subseteq R\) such that all elementary symmetric sums \(\sigma_j(S)\;(1\le j\le k-1)\) are nonzero.

*Proof of the Lemma.* Suppose, to the contrary, that every \(k\)-subset of \(R\) has some \(\sigma_j=0\) with \(1\le j\le k-1\). For each element \(r\in R\) consider the \(k\)-subset \(R\setminus\{r\}\). There exists an index \(t_r\in\{1,\dots,k-1\}\) such that \(\sigma_{t_r}(R\setminus\{r\})=0\). Because there are \(k+1\) elements and only \(k-1\) possible values for \(t_r\), the pigeon‑hole principle yields two distinct elements \(r,s\in R\) with \(t_r=t_s=t\).

Let \(U=R\setminus\{r,s\}\); then \(|U|=k-1\). Using the identity  
\[
\sigma_t(U\cup\{r\})=\sigma_t(U)+r\,\sigma_{t-1}(U),\qquad
\sigma_t(U\cup\{s\})=\sigma_t(U)+s\,\sigma_{t-1}(U),
\]  
and the fact that both are zero, we obtain  
\[
\sigma_{t-1}(U)=0,\qquad \sigma_t(U)=0. \tag{1}
\]

Now consider the polynomial  
\[
Q(x)=\prod_{u\in U}(x-u).
\]  
It is monic of degree \(k-1\), all its roots are distinct and real, and its constant term is nonzero because the roots are nonzero. The coefficients of \(Q\) are the elementary symmetric sums of \(U\) (up to sign). From (1) we see that two consecutive coefficients of \(Q\) are zero (since \(t\ge2\); if \(t=1\) then \(\sigma_0(U)=1\neq0\), so \(t\ge2\), and the zero coefficients correspond to the terms of degree \(k-1-(t-1)\) and \(k-1-t\), both at least \(1\)).  

We claim that a polynomial with all real distinct roots cannot have two consecutive zero coefficients. Indeed, let \(f(x)\) be a polynomial of degree \(d\) with all real distinct roots, and suppose its coefficients \(a_{d-1},a_{d-2},\dots,a_0\) satisfy \(a_r=a_{r+1}=0\) for some \(r\ge1\). Then the \(r\)-th derivative \(f^{(r)}(x)\) has constant term \(r!\,a_r=0\) and coefficient of \(x\) equal to \((r+1)!\,a_{r+1}=0\); hence \(f^{(r)}\) has a double root at \(0\). Because \(f\) has all real distinct roots, every derivative of \(f\) also has all real distinct roots (this follows by induction from Rolle’s theorem: if \(f^{(r-1)}\) has all real distinct roots, then \(f^{(r)}\) has all real distinct roots, and the double root at \(0\) of \(f^{(r)}\) contradicts this property). Therefore such a polynomial \(f\) cannot exist.

Applying this claim to \(Q\) gives a contradiction. Hence our assumption was false, and the lemma holds. ∎

Now apply the lemma to the set of all roots of \(P\). Since \(n>k\), we may select any \(k+1\) of them; the lemma guarantees a \(k\)-element subset \(S\) of these roots for which all \(\sigma_j(S)\neq0\) for \(j=1,\dots,k-1\). The monic polynomial  
\[
Q_S(x)=\prod_{i\in S}(x-r_i)
\]  
divides \(P\) (because \(P(x)=c\,Q_S(x)\prod_{i\notin S}(x-r_i)\)). Its coefficients are \((-1)^j\sigma_j(S)\) for \(j=0,\dots,k\); \(\sigma_0(S)=1\) and \(\sigma_k(S)=\prod_{i\in S}r_i\neq0\), so all coefficients are nonzero. Consequently the product of the coefficients of \(Q_S\) is nonzero, contradicting the hypothesis of the problem.

Thus our initial assumption that all roots of \(P\) are real is false. Therefore \(P(x)\) has at least one non‑real root. ∎"
PB-Advanced-027,Advanced,Combinatorics,IMO-hard,0.0,"We prove that Bob has a winning strategy.

Let \(P,Q\) be the points chosen by Alice and \(S\subseteq\mathbb{R}^2\) the subset she announces.  
For a non‑degenerate triangle \(T\) denote by \(\mathcal{S}(T)\) its unordered similarity class (shape).  
Set  
\[
\mathcal{T}=\{\mathcal{S}(\triangle PQR)\mid R\in S\}.
\]

We consider two exhaustive cases.

---

### Case 1: \(\mathcal{T}\) contains every non‑degenerate triangle shape.

Bob chooses the infinite set of cities  
\[
C=\{(n,n^2)\mid n\in\mathbb{N}\}.
\]  
For distinct \(n,m\),  
\[
|(n,n^2)-(m,m^2)|=|n-m|\sqrt{1+(n+m)^2}\ge 1,
\]  
and equality cannot occur because \(|n-m|\ge1\) and \(\sqrt{1+(n+m)^2}>1\).  
No three points of \(C\) are collinear because they lie on the parabola \(y=x^2\).  
Thus \(C\) satisfies the announced constraints.

Take any two distinct cities \(A,B\in C\) and any third city \(C_0\in C\).  
The triangle \(ABC_0\) has some shape \(\sigma\).  Since \(\mathcal{T}\) contains all shapes, there exists \(R\in S\) such that \(\triangle PQR\) has shape \(\sigma\).  
If \(\triangle PQR\) is directly similar to \(\triangle ABC_0\), the road between \(A\) and \(B\) is built;  
if it is directly similar to \(\triangle BAC_0\) (which happens when the orientation is opposite), the road is also built.  
Hence for every pair \(A,B\) the required condition holds for every third city, so a road is built between every two distinct cities of \(C\).  
The road graph on \(C\) is therefore complete.

The points with \(n=1,2,3,4,5\) form a convex pentagon.  In the complete graph on five points in convex position the two diagonals of the pentagon intersect, so some roads cross.  Condition (ii) fails, and Bob wins.

---

### Case 2: \(\mathcal{T}\) is a proper subset of all triangle shapes.

Then there exists a non‑degenerate triangle shape \(\beta\notin\mathcal{T}\).

Bob constructs an infinite set of cities that contains an isolated city, so the road graph is disconnected.

**Construction.**  Fix an arbitrary point \(X\).  We inductively build two sequences \(\{Y_i\}_{i\ge1}\) and \(\{Z_i\}_{i\ge1}\) such that  

* all points \(X,Y_i,Z_i\) are distinct;  
* no two points are within distance \(\le1\);  
* no three points are collinear;  
* for each \(i\) the triangle \(XY_iZ_i\) is directly similar to \(\beta\).

**Base step.**  Choose \(Y_1\) with \(|XY_1|>1\) (e.g. at distance \(2\) from \(X\)).  There are exactly two points that together with \(X\) and \(Y_1\) form a triangle directly similar to \(\beta\); pick one of them, call it \(Z_1\).  By taking \(|XY_1|\) sufficiently large we can make \(|XZ_1|>1\) and \(|Y_1Z_1|>1\).  The triangle is non‑degenerate, so \(Z_1\) is not collinear with \(X\) and \(Y_1\).  Thus the set \(\{X,Y_1,Z_1\}\) satisfies all conditions.

**Inductive step.**  Suppose we already have points \(X,Y_1,Z_1,\dots,Y_k,Z_k\) satisfying the conditions.  We add a new pair \((Y_{k+1},Z_{k+1})\).

*Choice of \(Y_{k+1}\).*  
Choose a ray from \(X\) whose direction is different from the directions of all previous points (i.e. not lying on any line through \(X\) and an existing city).  There are only finitely many such forbidden directions, so such a ray exists.  Let \(L\) be that ray.  

Now pick a distance \(M\) from \(X\) large enough so that  

* for every previously constructed city \(P\), \(|Y_{k+1}-P|>1\) (this is possible because the distance grows with \(M\));  
* for every \(i\le k\), \(|Y_{k+1}-Y_i|>1\);  
* \(Y_{k+1}\) is not on any line determined by two existing points (each such line meets \(L\) in at most one point; we can avoid that point by taking \(M\) larger than all those intersection distances).  

Set \(Y_{k+1}\) on \(L\) at distance \(M\) from \(X\).  Then \(Y_{k+1}\) satisfies all distance and collinearity constraints with the existing points.

*Choice of \(Z_{k+1}\).*  
There are exactly two points that together with \(X\) and \(Y_{k+1}\) form a triangle directly similar to \(\beta\); call them \(Z^+\) and \(Z^-\).  Both are at distances proportional to \(M\).  By taking \(M\) large enough we can make \(|XZ|>1\) and \(|Y_{k+1}Z|>1\) for both candidates, and also ensure that \(|Z-P|>1\) for every previously constructed city \(P\).  

We also need to avoid collinearity of \(Z_{k+1}\) with any two existing points.  The set of lines determined by two existing points is finite.  For each such line, the intersection of the ray from \(X\) that contains \(Z\) (which is determined by \(L\) and \(\beta\)) with that line is a single point (if the ray is not parallel).  By choosing \(M\) larger than the distances to all those intersection points, we avoid that \(Z_{k+1}\) lies on those lines.  Moreover, the condition that \(Z_{k+1}\) is collinear with \(Y_{k+1}\) and some existing point \(P\) gives an equation that determines a specific value of \(M\); we avoid that value by choosing \(M\) sufficiently large and different from it.  Since there are only finitely many such constraints, a suitable \(M\) exists.  Finally, we must also ensure that the direction of \(XZ_{k+1}\) is not equal to the direction of any line through \(X\) and an existing point; this can be achieved by selecting the ray \(L\) (which determines the direction of \(XZ_{k+1}\)) appropriately.  Because the set of directions that cause a problem is finite, we can choose \(L\) so that all these conditions are satisfied.  

Thus we can pick one of the two candidates, say \(Z_{k+1}\), that satisfies all distance and collinearity requirements.  Then the set \(\{X,Y_{k+1},Z_{k+1}\}\) is added and the induction hypothesis holds for \(k+1\).

By repeating the induction indefinitely we obtain an infinite set  
\[
C=\{X\}\cup\{Y_i,Z_i\mid i\in\mathbb{N}\}
\]  
that meets all the announced constraints: all pairwise distances are \(>1\) and no three points are collinear.

**Why the graph is disconnected.**  For any \(i\) the triangle \(XY_iZ_i\) is directly similar to \(\beta\).  Since \(\beta\notin\mathcal{T}\), there is **no** \(R\in S\) such that \(\triangle PQR\) is directly similar to either \(\triangle XY_iZ_i\) or \(\triangle Z_iY_iX\).  Hence for the pair \((X,Y_i)\) the city \(Z_i\) violates the road condition; consequently no road connects \(X\) with any \(Y_i\).  The same argument shows that no road connects \(X\) with any \(Z_i\).  Thus \(X\) is isolated and the road graph is disconnected.  Alice does not satisfy condition (i); Bob wins.

---

Since the two cases cover all possibilities, Bob has a winning strategy.  ∎"
PB-Advanced-028,Advanced,Geometry,IMO-easy,7.0,"Place triangle \(ABC\) in a coordinate system with \(BC\) on the \(x\)-axis, \(B=(0,0)\) and \(C=(1,0)\).  Since the triangle is acute, we may take \(A=(u,v)\) with \(v>0\) and \(0<u<1\).

Compute the relevant points:

* Orthocenter \(H\):  The altitude from \(A\) is the vertical line \(x=u\).  The altitude from \(B\) is perpendicular to \(AC\); a direction vector of \(AC\) is \((1-u,-v)\), so a perpendicular direction is \((v,1-u)\).  The line through \(B\) in this direction is \((x,y)=t(v,1-u)\).  Setting \(x=u\) gives \(t=u/v\), hence
\[
H=\Bigl(u,\frac{u(1-u)}{v}\Bigr).
\]

* Foot \(F\) of the altitude from \(C\) to \(AB\):  The line \(AB\) through \((0,0)\) and \((u,v)\) is \(y=\frac{v}{u}x\) (note \(u\neq0\) because the triangle is acute).  The foot from \(C(1,0)\) to this line is
\[
F=\Bigl(\frac{u^2}{u^2+v^2},\frac{uv}{u^2+v^2}\Bigr).
\]

* Reflection of \(H\) across \(BC\) (the \(x\)-axis) gives
\[
P=\Bigl(u,-\frac{u(1-u)}{v}\Bigr).
\]

Now consider the circle through \(A,F,P\).  Its center \(O=(x_0,y_0)\) must lie on the perpendicular bisector of \(AP\).  Since \(A\) and \(P\) have the same \(x\)-coordinate, \(AP\) is vertical, so its perpendicular bisector is horizontal through the midpoint of \(AP\):
\[
y_0=\frac{1}{2}\Bigl(v-\frac{u(1-u)}{v}\Bigr).
\]

The center also satisfies \(OA=OF\).  Write \((f,g)=\bigl(\frac{u^2}{u^2+v^2},\frac{uv}{u^2+v^2}\bigr)\).  Then
\[
(u-x_0)^2+(v-y_0)^2=(f-x_0)^2+(g-y_0)^2.
\]
Expanding and cancelling \(x_0^2,y_0^2\) yields
\[
u^2+v^2-2u x_0-2v y_0 = f^2+g^2-2f x_0-2g y_0,
\]
or
\[
2x_0(u-f)+2y_0(v-g)=u^2+v^2-(f^2+g^2). \tag{1}
\]

Now compute the needed quantities:
\[
f^2+g^2 = \frac{u^2}{u^2+v^2},\qquad
u-f = u\cdot\frac{u^2+v^2-u}{u^2+v^2},\qquad
v-g = v\cdot\frac{u^2+v^2-u}{u^2+v^2}.
\]
Set \(d=\frac{u^2+v^2-u}{u^2+v^2}\;(d\neq0\) because the triangle is acute).  Then the left‑hand side of (1) becomes \(2d(u x_0+v y_0)\).  The right‑hand side is
\[
u^2+v^2-\frac{u^2}{u^2+v^2}
= \frac{(u^2+v^2)^2-u^2}{u^2+v^2}
= \frac{(u^2+v^2-u)(u^2+v^2+u)}{u^2+v^2}.
\]
Thus
\[
2d(u x_0+v y_0) = \frac{(u^2+v^2-u)(u^2+v^2+u)}{u^2+v^2}.
\]
Since \(d=\frac{u^2+v^2-u}{u^2+v^2}\), we obtain
\[
u x_0+v y_0 = \frac{u^2+v^2+u}{2}. \tag{2}
\]

Now compute \(y_0\):
\[
y_0 = \frac{1}{2}\Bigl(v-\frac{u(1-u)}{v}\Bigr)
= \frac{v^2-u(1-u)}{2v}
= \frac{u^2+v^2-u}{2v}.
\]
Hence \(v y_0 = \frac{u^2+v^2-u}{2}\).  Substituting into (2) gives
\[
u x_0 + \frac{u^2+v^2-u}{2} = \frac{u^2+v^2+u}{2}
\;\Longrightarrow\; u x_0 = u.
\]
Because the triangle is acute, \(u\neq0\); therefore \(x_0=1\).

Thus the center of the circle is \((1,y_0)\).  The circle’s equation is \((x-1)^2+(y-y_0)^2=R^2\) for some \(R>0\).  Intersecting with line \(BC\) (the \(x\)-axis, \(y=0\)) yields
\[
(x-1)^2+y_0^2=R^2,
\]
so the \(x\)-coordinates of the two intersection points \(X\) and \(Y\) are \(1\pm\sqrt{R^2-y_0^2}\).  Their midpoint is \((1,0)=C\).  Hence \(C\) is the midpoint of \(XY\).  ∎"
PB-Advanced-029,Advanced,Number theory,IMO-medium,1.0,"We prove that no positive integer \(k\) satisfies the condition.  
For any positive integer \(k\), consider the following two cases.

**Case 1: \(k\) is odd.**  
Take \(n=2\). Then  
\[
\frac{1}{2+1}\sum_{i=0}^{2}\binom{2}{i}^{k}= \frac{1}{3}\bigl(1^{k}+2^{k}+1^{k}\bigr)=\frac{2+2^{k}}{3}.
\]  
Since \(2\equiv -1\pmod 3\), we have \(2^{k}\equiv (-1)^{k}\equiv -1\equiv 2\pmod 3\) because \(k\) is odd. Hence  
\[
2+2^{k}\equiv 2+2\equiv 4\equiv 1\pmod 3,
\]  
so the numerator is not divisible by \(3\). Therefore the expression is not an integer for \(n=2\).

**Case 2: \(k\) is even.**  
Take \(n=7\). Then  
\[
\frac{1}{7+1}\sum_{i=0}^{7}\binom{7}{i}^{k}= \frac{1}{8}\bigl(1^{k}+7^{k}+21^{k}+35^{k}+21^{k}+7^{k}+1^{k}\bigr)=\frac{2+2\cdot7^{k}+2\cdot21^{k}+35^{k}}{8}.
\]  
We compute the numerator modulo \(8\).  
\(7\equiv -1\pmod 8\) and \(k\) even, so \(7^{k}\equiv (-1)^{k}\equiv 1\pmod 8\).  
\(21\equiv 5\pmod 8\) and \(5^{2}\equiv 1\pmod 8\), so for even \(k\), \(21^{k}\equiv 5^{k}\equiv 1\pmod 8\).  
\(35\equiv 3\pmod 8\) and \(3^{2}\equiv 1\pmod 8\), so for even \(k\), \(35^{k}\equiv 3^{k}\equiv 1\pmod 8\).  
Hence  
\[
2+2\cdot7^{k}+2\cdot21^{k}+35^{k}\equiv 2+2\cdot1+2\cdot1+1 = 7\pmod 8,
\]  
which is not divisible by \(8\). Therefore the expression is not an integer for \(n=7\).

In both cases we have exhibited a positive integer \(n\) (namely \(n=2\) for odd \(k\) and \(n=7\) for even \(k\)) for which the given expression is not an integer. Hence no positive integer \(k\) makes the expression an integer for every positive integer \(n\).  

\[
\boxed{\text{There are no positive integers }k\text{ satisfying the condition.}}
\]"
PB-Advanced-030,Advanced,Combinatorics,IMO-hard,0.0,"Let the cupcakes be arranged in a circle and numbered \(1,\dots,m\) clockwise.  
For each person \(P\) define a measure \(\mu_P\) on the circle by  
\[
\mu_P(\{k\}) = \text{score of }P\text{ for cupcake }k,
\]  
and extend additively to all arcs (i.e. \(\mu_P(A)=\sum_{k\in A}s_P(k)\) for any set \(A\) of consecutive cupcakes).  

From the hypothesis, for each person \(P\) there exists a partition of the circle into \(n\) consecutive groups such that each group has \(\mu_P\)-measure at least \(1\). Hence the total measure \(\mu_P(\text{circle}) = \sum_{k=1}^m s_P(k)\) satisfies  
\[
\mu_P(\text{circle}) \ge n .
\]

We now use the **necklace splitting theorem** (Alon, 1987).  

**Necklace Splitting Theorem.** Let \(\mu_1,\dots,\mu_n\) be \(n\) non‑negative measures on a circle. Then there exists a partition of the circle into at most \(2n-1\) contiguous arcs (with cuts at points that are not atoms) and an assignment of these arcs to the \(n\) people such that for every person \(i\) the total \(\mu_i\)-measure of the arcs assigned to \(i\) is at least \(\frac1n\,\mu_i(\text{circle})\).

Applying this theorem to the measures \(\mu_P\) (for the \(n\) people) we obtain a partition of the circle into at most \(2n-1\) consecutive arcs \(A_1,\dots,A_k\) (\(k\le 2n-1\)) and an assignment of each arc to one of the people. For each person \(P\) the sum of \(\mu_P\) over the arcs assigned to \(P\) is at least \(\frac1n\mu_P(\text{circle})\ge 1\) (because \(\mu_P(\text{circle})\ge n\)).

Now distribute every cupcake to the person whose assigned arc contains it. Since the arcs partition the circle, each cupcake belongs to exactly one arc and therefore to exactly one person. Consequently each person \(P\) receives a set of whole cupcakes whose total score under \(P\)'s valuation is at least \(1\). This is the required distribution. (If the theorem’s partition happens to have cuts that coincide with some cupcakes, we can move them slightly into the gaps between cupcakes without affecting the inequalities – the measures are discrete and the inequalities are strict, so such a modification is possible and preserves the assignment of whole cupcakes.)

Thus the statement is proved. ∎"
PB-Basic-001,Basic,Algebra,IMO-easy,7.0,"Let \(f:\mathbb{Z}\to\mathbb{Z}\) satisfy  
\[
f(2x)+2f(y)=f(f(x+y))\qquad\text{for all }x,y\in\mathbb{Z}.
\]

Set \(y=0\):  
\[
f(2x)+2f(0)=f(f(x)). \tag{1}
\]  
Set \(x=0\):  
\[
f(0)+2f(y)=f(f(y)). \tag{2}
\]  
From (1) and (2) we obtain for every \(x\)  
\[
f(2x)+2f(0)=2f(x)+f(0)\;\Longrightarrow\;f(2x)=2f(x)-f(0). \tag{3}
\]

Substitute (3) into the original equation:  
\[
f(2x)+2f(y)=\bigl(2f(x)-f(0)\bigr)+2f(y)=2f(x)+2f(y)-f(0).
\]  
Using (2) with \(y\) replaced by \(x+y\) gives  
\[
f(f(x+y))=2f(x+y)+f(0).
\]  
Equating the two expressions yields  
\[
2f(x)+2f(y)-f(0)=2f(x+y)+f(0)\;\Longrightarrow\;f(x)+f(y)=f(x+y)+f(0). \tag{4}
\]

Let \(c=f(0)\) and define \(g(x)=f(x)-c\). Then \(f(x)=g(x)+c\) and (4) becomes  
\[
(g(x)+c)+(g(y)+c)=g(x+y)+c+c\;\Longrightarrow\;g(x)+g(y)=g(x+y).
\]  
Thus \(g\) is additive on \(\mathbb{Z}\). For any integer \(n\) we have \(g(n)=n\,g(1)\) by induction (using \(g(0)=0\) and \(g(-n)=-g(n)\)). Write \(k=g(1)\in\mathbb{Z}\); then \(g(x)=kx\) and  
\[
f(x)=kx+c. \tag{5}
\]

Now substitute (5) into the original functional equation.  
\[
\begin{aligned}
f(2x)+2f(y) &= k(2x)+c+2(ky+c)=2kx+c+2ky+2c=2k(x+y)+3c,\\
f(f(x+y)) &= f\bigl(k(x+y)+c\bigr)=k\bigl(k(x+y)+c\bigr)+c=k^2(x+y)+kc+c.
\end{aligned}
\]  
For all integers \(x,y\) we must have  
\[
2k(x+y)+3c = k^2(x+y)+(k+1)c.
\]  
Comparing coefficients of \((x+y)\) gives \(2k=k^2\), i.e. \(k(k-2)=0\).  
Comparing constant terms gives \(3c=(k+1)c\), i.e. \((k-2)c=0\).

- If \(k=0\), then \((k-2)c=-2c=0\) forces \(c=0\). Hence \(f(x)=0\) for all \(x\).  
- If \(k=2\), then \((k-2)c=0\) holds automatically, so \(c\) can be any integer. Hence \(f(x)=2x+c\) for any \(c\in\mathbb{Z}\).

Direct verification shows that both families satisfy the original equation. Therefore all solutions are  
\[
\boxed{f(x)=0\quad\text{for all }x\in\mathbb{Z}}\qquad\text{and}\qquad\boxed{f(x)=2x+c\quad\text{for any }c\in\mathbb{Z}}.
\]"
PB-Basic-002,Basic,Algebra,pre-IMO,7.0,"Let \(S = x + y + z + t\) and \(P = xyzt\). The given condition is \(2S \ge P\).

By the Cauchy–Schwarz inequality (or the quadratic mean–arithmetic mean inequality),
\[
(x^2 + y^2 + z^2 + t^2)(1^2+1^2+1^2+1^2) \ge (x+y+z+t)^2,
\]
hence
\[
x^2 + y^2 + z^2 + t^2 \ge \frac{S^2}{4}.
\]
Thus it suffices to prove \(\frac{S^2}{4} \ge P\), i.e. \(S^2 \ge 4P\).

We now prove \(S^2 \ge 4P\) under the condition \(2S \ge P\).

By the AM–GM inequality,
\[
\frac{S}{4} \ge \sqrt[4]{P}\quad\Longrightarrow\quad P \le \left(\frac{S}{4}\right)^4 = \frac{S^4}{256}.
\]

Consider two cases.

**Case 1: \(S \le 8\).**  
Then \(S^2 \le 64\), so \(\frac{S^4}{64} \le S^2\).  From the AM–GM bound,
\[
4P \le 4\cdot\frac{S^4}{256} = \frac{S^4}{64} \le S^2.
\]
Hence \(S^2 \ge 4P\).

**Case 2: \(S \ge 8\).**  
The given condition gives \(P \le 2S\), so \(4P \le 8S\).  Because \(S \ge 8\), we have \(S^2 \ge 8S\) (since \(S(S-8)\ge 0\)).  Therefore
\[
4P \le 8S \le S^2,
\]
so \(S^2 \ge 4P\).

In both cases \(S^2 \ge 4P\).  Consequently,
\[
x^2 + y^2 + z^2 + t^2 \ge \frac{S^2}{4} \ge P.
\]

Thus the inequality is proved for all positive real numbers \(x,y,z,t\) satisfying \(2(x+y+z+t) \ge xyzt\).  Equality occurs when \(x=y=z=t=2\)."
PB-Basic-003,Basic,Algebra,IMO-easy,7.0,"We are to find all functions \(f:\mathbb{R}\to\mathbb{R}\) such that for all \(a,b\in\mathbb{R}\),
\[
(b-a)f(f(a)) = a f(a+f(b)). \tag{1}
\]

First, set \(b=a\) in (1). Then \((a-a)f(f(a)) = a f(a+f(a))\), so \(0 = a f(a+f(a))\). Hence for every \(a\neq 0\),
\[
f(a+f(a)) = 0. \tag{2}
\]

Next, set \(a=0\) in (1). Then \((b-0)f(f(0)) = 0\cdot f(0+f(b))\), i.e. \(b f(f(0)) = 0\) for all \(b\). Therefore
\[
f(f(0)) = 0. \tag{3}
\]

Now suppose \(f\) is not identically zero. We first show that there exists \(a\neq 0\) with \(f(a)\neq 0\). If \(f(x)=0\) for all \(x\neq 0\), then \(f(0)\) must be zero as well, because otherwise taking \(a=1\), \(b=2\) in (1) gives \(f(0)=0\) (contradiction). Hence \(f\equiv0\) in that case. Since \(f\) is not identically zero, there must be some \(a\neq 0\) with \(f(a)\neq 0\).

Fix such an \(a\) (so \(a\neq 0\) and \(f(a)\neq 0\)). Put \(b = a+f(a)\) in (1). Then
\[
\bigl(a+f(a)-a\bigr)f(f(a)) = a f\bigl(a+f(a+f(a))\bigr),
\]
i.e.
\[
f(a)f(f(a)) = a f\bigl(a+f(a+f(a))\bigr).
\]
From (2) we have \(f(a+f(a))=0\), so \(a+f(a+f(a)) = a+0 = a\) and \(f\bigl(a+f(a+f(a))\bigr)=f(a)\). Thus
\[
f(a)f(f(a)) = a f(a).
\]
Since \(f(a)\neq 0\), we obtain
\[
f(f(a)) = a. \tag{4}
\]

In particular, \(f(f(a))\neq 0\) (because \(a\neq 0\)). So there exists at least one number \(a_0\neq 0\) (namely the \(a\) we just chose) with \(f(f(a_0))\neq 0\).

Now keep such an \(a_0\) fixed. For every \(b\in\mathbb{R}\), (1) with \(a=a_0\) gives
\[
(b-a_0)f(f(a_0)) = a_0 f(a_0+f(b)),
\]
hence
\[
f(a_0+f(b)) = \frac{b-a_0}{a_0}\,f(f(a_0)). \tag{5}
\]

If \(f(b_1)=f(b_2)\), then \(a_0+f(b_1)=a_0+f(b_2)\), so the left‑hand sides of (5) for \(b_1\) and \(b_2\) are equal. Consequently
\[
\frac{b_1-a_0}{a_0}f(f(a_0)) = \frac{b_2-a_0}{a_0}f(f(a_0)).
\]
Since \(f(f(a_0))\neq 0\), we deduce \(b_1=b_2\). Thus \(f\) is injective.

Because \(f\) is injective, the equation \(f(x)=0\) has at most one solution. On the other hand, from (2) for every \(a\neq 0\), \(a+f(a)\) is a zero of \(f\); hence there is at least one zero. Let \(c\) be the unique real number with \(f(c)=0\). Then for every \(a\neq 0\) we must have
\[
a+f(a)=c,
\]
so
\[
f(a)=c-a \qquad (a\neq 0). \tag{6}
\]

Now determine \(f(0)\). From (3) we have \(f(f(0))=0\). Because \(f\) is injective and \(f(c)=0\), it follows that \(f(0)=c\). Therefore \(f(0)=c\), which is consistent with (6) when \(a=0\). Hence
\[
f(x)=c-x \quad\text{for all }x\in\mathbb{R}. \tag{7}
\]

It remains to check that all these functions indeed satisfy the original equation. For \(f(x)=c-x\),
\[
f(f(a))=f(c-a)=c-(c-a)=a,\qquad
f(a+f(b))=f\bigl(a+(c-b)\bigr)=f(a+c-b)=c-(a+c-b)=b-a,
\]
so
\[
(b-a)f(f(a))=(b-a)a = a(b-a)=a f(a+f(b)).
\]
Thus (1) holds. The constant zero function \(f(x)=0\) also satisfies (1) trivially. This function is not of the form \(c-x\) for any constant \(c\), so it must be listed separately.

We have therefore found all solutions:
\[
\boxed{f(x)=0\ \text{for all }x\in\mathbb{R}\quad\text{or}\quad f(x)=c-x\ \text{for some }c\in\mathbb{R}.}
\]"
PB-Basic-004,Basic,Algebra,IMO-easy,7.0,"Let \(g:\mathbb{R}\to\mathbb{R}\) be strictly increasing and surjective such that  
\[
g(g(x))=g(x)+20x\qquad\text{for all }x\in\mathbb{R}.
\]

1. **Bijectivity.** Strictly increasing implies injectivity; surjectivity is given, so \(g\) is bijective.
2. **Value at \(0\).** Setting \(x=0\) gives \(g(g(0))=g(0)\). By injectivity, \(g(0)=0\).
3. **Comparison with the identity.**  
   - If \(x>0\) and \(g(x)\le x\), then applying the increasing function \(g\) yields \(g(g(x))\le g(x)\), contradicting \(g(g(x))=g(x)+20x>g(x)\). Hence \(g(x)>x\) for \(x>0\).  
   - If \(x<0\) and \(g(x)\ge x\), then \(g(g(x))\ge g(x)\), contradicting \(g(g(x))=g(x)+20x<g(x)\). Hence \(g(x)<x\) for \(x<0\).
4. **Sign of iterates.**  
   - For \(x>0\), \(g(x)>0\) and \(g^{-1}(y)>0\) for \(y>0\) (otherwise \(g(g^{-1}(y))\le0\) would give \(y\le0\)). Thus all iterates \(g^n(x)\) (\(n\in\mathbb{Z}\)) are positive.  
   - For \(x<0\), similarly all iterates are negative.
5. **Recurrence for iterates.** For any \(x\) and any \(n\in\mathbb{Z}\) set \(x_n=g^n(x)\). Applying the functional equation to the point \(g^n(x)\) gives  
   \[
   g(g(x_n))=g(x_n)+20x_n\;\Longrightarrow\; x_{n+2}=x_{n+1}+20x_n.
   \]
   Hence the sequence \((x_n)\) satisfies the linear recurrence \(x_{n+2}=x_{n+1}+20x_n\) for all integers \(n\).
6. **General solution of the recurrence.** The characteristic equation \(r^2-r-20=0\) has roots \(5\) and \(-4\). Therefore for each \(x\) there exist constants \(A(x),B(x)\) such that  
   \[
   x_n=A(x)\,5^n+B(x)\,(-4)^n\qquad\text{for all }n\in\mathbb{Z}.
   \]
   (Solving from \(x_0=x\) and \(x_1=g(x)\) gives \(A=(g(x)+4x)/9,\;B=(5x-g(x))/9\).)
7. **Case \(x>0\).** Then \(x_n>0\) for all \(n\). Consider \(m\in\mathbb{N}\) and set \(y_m=x_{-m}\). For even \(m\),  
   \[
   y_m=\frac{A}{5^m}+\frac{B}{4^m},\qquad\text{so }4^m y_m = A\Bigl(\frac45\Bigr)^m+B.
   \]  
   For odd \(m\),  
   \[
   y_m=\frac{A}{5^m}-\frac{B}{4^m},\qquad\text{so }4^m y_m = A\Bigl(\frac45\Bigr)^m-B.
   \]  
   Because \(y_m>0\), we have \(4^m y_m>0\) for every \(m\). As \(m\to\infty\), \(\bigl(\frac45\bigr)^m\to0\).  
   - For even \(m\), \(4^m y_m\to B\); thus \(B\ge0\) (otherwise \(4^m y_m\) would become negative for large even \(m\)).  
   - For odd \(m\), \(4^m y_m\to -B\); thus \(-B\ge0\), i.e. \(B\le0\).  
   Hence \(B=0\). Substituting into \(x_0=A+B=x\) gives \(A=x\), and then \(x_1=5x\), so \(g(x)=5x\) for all \(x>0\).
8. **Case \(x<0\).** Now \(x_n<0\) for all \(n\). The same computation with \(y_m=x_{-m}<0\) yields \(4^m y_m<0\).  
   - For even \(m\): \(4^m y_m\to B\); therefore \(B\le0\).  
   - For odd \(m\): \(4^m y_m\to -B\); therefore \(-B\le0\), i.e. \(B\ge0\).  
   Hence \(B=0\), and again \(g(x)=5x\) for all \(x<0\).
9. **Conclusion.** Together with \(g(0)=0\) we obtain \(g(x)=5x\) for every real \(x\).  
   Verification: \(g\) is strictly increasing, surjective, and \(g(g(x))=25x=5x+20x\).
Thus the unique function satisfying the conditions is \(\boxed{g(x)=5x}\)."
PB-Basic-005,Basic,Algebra,IMO-easy,7.0,"Let \(P\) be a polynomial with real coefficients and leading coefficient \(1\) satisfying
\[
P(x)+P\!\left(\frac1x\right)=\frac{P\!\left(x+\frac1x\right)+P\!\left(x-\frac1x\right)}{2}
\qquad(\forall x\neq0).
\]

**Step 1: \(P\) is even.**  
Replace \(x\) by \(\frac1x\) in the given equation:
\[
P\!\left(\frac1x\right)+P(x)=\frac{P\!\left(\frac1x+x\right)+P\!\left(\frac1x-x\right)}{2}
=\frac{P\!\left(x+\frac1x\right)+P\!\left(-(x-\frac1x)\right)}{2}.
\]
Comparing with the original equation gives
\[
P\!\left(x-\frac1x\right)=P\!\left(-(x-\frac1x)\right)\qquad(\forall x\neq0).
\]
The map \(x\mapsto x-\frac1x\) is surjective onto \(\mathbb{R}\) (for any real \(t\) solve \(x-\frac1x=t\) to obtain \(x=\frac{t\pm\sqrt{t^2+4}}{2}\neq0\)). Hence \(P(t)=P(-t)\) for all real \(t\); i.e. \(P\) is an even polynomial.  
Write \(P(x)=Q(x^2)\) for a polynomial \(Q\) with real coefficients. Because the leading coefficient of \(P\) is \(1\), we have \(\deg P=2n\) and \(Q\) is monic of degree \(n\).

**Step 2: Functional equation for \(Q\).**  
Substitute \(P(x)=Q(x^2)\) into the original equation. For \(x\neq0\) set \(y=x^2>0\):
\[
2\bigl(Q(y)+Q(1/y)\bigr)=Q\!\left(y+2+\frac1y\right)+Q\!\left(y-2+\frac1y\right).
\]
The identity holds for all \(y>0\) and therefore, as an identity of rational functions, for all \(y\neq0\):
\[
2\bigl(Q(t)+Q(1/t)\bigr)=Q\!\left(t+2+\frac1t\right)+Q\!\left(t-2+\frac1t\right)\qquad(\forall t\neq0). \tag{1}
\]

**Step 3: Expanding in powers of \(x\).**  
Since \(P\) is even, write
\[
P(x)=\sum_{k=0}^{n}c_k x^{2k},\qquad c_n=1.
\]
Then \(P(x+1/x)+P(x-1/x)\) can be expanded using the binomial theorem:
\[
(x\pm1/x)^{2k}=\sum_{j=0}^{2k}\binom{2k}{j}x^{2k-j}\bigl(\pm\frac1x\bigr)^j
=\sum_{j=0}^{2k}\binom{2k}{j}(\pm1)^j x^{2k-2j}.
\]
Adding the two expansions cancels the terms with odd \(j\), leaving
\[
(x+1/x)^{2k}+(x-1/x)^{2k}=2\sum_{t=0}^{k}\binom{2k}{2t}x^{2(k-2t)}.
\]
Therefore
\[
P(x+1/x)+P(x-1/x)=2\sum_{k=0}^{n}c_k\sum_{t=0}^{k}\binom{2k}{2t}x^{2(k-2t)}.
\]
The left‑hand side of the original equation is \(2(P(x)+P(1/x))=2\sum_{k=0}^{n}c_k(x^{2k}+x^{-2k})\). Dividing by \(2\) we obtain
\[
\sum_{k=0}^{n}c_k(x^{2k}+x^{-2k})=\sum_{k=0}^{n}c_k\sum_{t=0}^{k}\binom{2k}{2t}x^{2(k-2t)}\qquad(\forall x\neq0). \tag{2}
\]
Equation (2) is an identity of Laurent polynomials; we equate coefficients of \(x^{2r}\) (\(r\in\mathbb{Z}\)).

* For \(r>0\): the left‑hand side contributes \(c_r\); the right‑hand side contributes \(\displaystyle\sum_{\substack{k\ge r\\ k\equiv r\pmod2}}c_k\binom{2k}{k-r}\) (the term with \(k=r\) gives \(\binom{2r}{0}=1\)). Hence
\[
c_r=c_r+\sum_{\substack{k>r\\ k\equiv r\pmod2}}c_k\binom{2k}{k-r},
\]
so that
\[
\sum_{\substack{k>r\\ k\equiv r\pmod2}}c_k\binom{2k}{k-r}=0. \tag{3}
\]

* For \(r=0\): the left‑hand side contributes \(2c_0\); the right‑hand side contributes \(\displaystyle\sum_{k\ \text{even}}c_k\binom{2k}{k}\). Thus
\[
2c_0=\sum_{k\ \text{even}}c_k\binom{2k}{k}. \tag{4}
\]

* For \(r<0\) the condition is the same as for \(r>0\) by symmetry.

**Step 4: Bounding the degree.**  
Let \(n=\deg Q\) (so \(\deg P=2n\)). The largest index is \(n\). If \(n\ge3\) then take \(r=n-2>0\) in (3). The only \(k>r\) with \(k\equiv r\pmod2\) is \(k=n\) (because \(n>n-2\) and \(n\equiv n-2\pmod2\)). Equation (3) becomes
\[
c_n\binom{2n}{n-(n-2)}=c_n\binom{2n}{2}=0.
\]
Since \(c_n=1\), this forces \(\binom{2n}{2}=0\), impossible for \(n\ge1\). Hence \(n\le2\).

If \(n=0\) then \(P\) is constant, but (4) gives \(2c_0=c_0\Rightarrow c_0=0\), contradicting the leading coefficient \(1\). Thus \(n=1\) or \(n=2\).

**Step 5: Solving for \(n=1\) and \(n=2\).**  

*Case \(n=1\):* Then \(c_1=1\) and (4) gives \(2c_0=c_0\Rightarrow c_0=0\). Hence \(P(x)=x^2\).

*Case \(n=2\):* Then \(c_2=1\). For \(r=1\) the sum in (3) is empty because the only possible \(k>1\) with \(k\equiv1\pmod2\) would be \(k=2\) (even) – no such \(k\). So (3) imposes no restriction on \(c_1\). Equation (4) becomes
\[
2c_0=c_0\binom{0}{0}+c_2\binom{4}{2}=c_0+6\quad\Rightarrow\quad c_0=6.
\]
Thus \(P(x)=x^4+c_1x^2+6\) with an arbitrary real constant \(c_1\).

**Step 6: Verification.**  
Direct substitution shows that both families satisfy the original equation:
* \(P(x)=x^2\): LHS \(=x^2+1/x^2\), RHS \(=\frac{(x+1/x)^2+(x-1/x)^2}{2}=x^2+1/x^2\).
* \(P(x)=x^4+ax^2+6\): LHS \(=x^4+1/x^4+a(x^2+1/x^2)+12\); RHS \(=\frac{(x+1/x)^4+(x-1/x)^4}{2}+\frac{a[(x+1/x)^2+(x-1/x)^2]}{2}+6 = x^4+1/x^4+a(x^2+1/x^2)+6+6\), which matches.

Therefore the complete list of polynomials is
\[
\boxed{P(x)=x^2\qquad\text{or}\qquad P(x)=x^4+ax^2+6\ \ (a\in\mathbb{R})}.
\]"
PB-Basic-006,Basic,Algebra,IMO-medium,7.0,"**Proof.** Assume, for contradiction, that for every integer \(k\ge 0\) the polynomial  
\[
P_k(x)=\sum_{i=0}^k c_i x^i
\]  
has at least \(k\) distinct real roots.  
In particular, for \(k\ge 1\) this forces \(c_k\neq0\) and \(P_k\) has exactly \(k\) distinct real roots (since its degree is at most \(k\)).

Fix an integer \(k\ge 2\) and let \(r_1,\dots,r_k\) be the distinct real roots of \(P_k\).  
Because \(c_0\neq0\), none of the roots is zero.  
Set \(a_i = 1/r_i\;(i=1,\dots,k)\). Then the polynomial  
\[
Q_k(x)=c_0x^k+c_1x^{k-1}+\cdots+c_k = c_0\prod_{i=1}^k (x-a_i)
\]  
has the numbers \(a_i\) as its roots. Hence the elementary symmetric sums of the \(a_i\) are  
\[
\sum_{i=1}^k a_i = -\frac{c_1}{c_0},\qquad 
\sum_{1\le i<j\le k} a_i a_j = \frac{c_2}{c_0}.
\]  
Consequently  
\[
\sum_{i=1}^k a_i^2 = \Bigl(\sum_{i=1}^k a_i\Bigr)^2 - 2\sum_{i<j} a_i a_j
= \frac{c_1^2-2c_0c_2}{c_0^2}.
\]  
The right‑hand side is independent of \(k\); denote it by \(T\).  
If \(T=0\) then every \(a_i=0\), which would imply \(c_1=c_2=\cdots=c_k=0\) and \(P_k(x)=c_0\) has no real root, contradicting the assumption that \(P_k\) has \(k\) distinct real roots. Thus \(T>0\).

The product of the \(a_i\) is  
\[
\prod_{i=1}^k a_i = (-1)^k\frac{c_k}{c_0},
\]  
so that  
\[
|c_k| = |c_0|\prod_{i=1}^k |a_i|.
\]

Apply the AM–GM inequality to the non‑negative numbers \(|a_i|^2\):
\[
\Bigl(\prod_{i=1}^k |a_i|^2\Bigr)^{\!1/k} \le \frac{1}{k}\sum_{i=1}^k |a_i|^2 = \frac{T}{k}.
\]  
Hence  
\[
\prod_{i=1}^k |a_i| \le \Bigl(\frac{T}{k}\Bigr)^{\!k/2},
\]  
and therefore  
\[
|c_k| \le |c_0|\Bigl(\frac{T}{k}\Bigr)^{\!k/2}.
\]

Since \(T>0\) is fixed, the right‑hand side tends to \(0\) as \(k\to\infty\).  
Thus there exists an integer \(K\) such that for all \(k\ge K\),  
\[
|c_0|\Bigl(\frac{T}{k}\Bigr)^{\!k/2} < 1.
\]  
For such \(k\) the inequality forces \(|c_k|<1\), which is impossible because \(c_k\) is a non‑zero integer (so \(|c_k|\ge1\)). This contradicts the assumption that \(P_k\) has exactly \(k\) distinct real roots for every \(k\).

Therefore the assumption is false. Consequently, there exists some integer \(k\ge 0\) for which \(P_k(x)\) has fewer than \(k\) distinct real roots. ∎"
PB-Basic-007,Basic,Algebra,IMO-medium,7.0,"We determine all positive integers \(n\) and integer sequences \(a_0,a_1,\dots ,a_n\) with \(a_n=3\) and
\[
f(a_{i-1})=a_i\qquad (i=1,\dots ,n),
\]
where \(f(x)=a_nx^n+a_{n-1}x^{n-1}+\cdots +a_1x+a_0\).

---
### 1.  The case \(n=1\)

Here \(f(x)=3x+a_0\) and \(a_1=f(a_0)=3a_0+a_0=4a_0\).  Since \(a_1=3\), we obtain \(4a_0=3\), impossible in integers.  Hence no solution for \(n=1\).

---
### 2.  Bounding the absolute values

Assume \(n\ge 2\) and set \(M=\max_{0\le i\le n}|a_i|\).  Because \(a_n=3\), we have \(M\ge 3\).

Suppose \(M>3\).  Choose the smallest index \(k\) with \(|a_k|=M\); then \(k<n\) because \(a_n=3<M\).  
For any real \(x\) with \(|x|\ge 2\) we have
\[
|f(x)|\ge 3|x|^n-\sum_{j=0}^{n-1}|a_j|\,|x|^j
\ge 3|x|^n-M\,\frac{|x|^n-1}{|x|-1}.
\]
Applying this with \(x=a_k\) gives
\[
|a_{k+1}|\ge 3M^n-M\,\frac{M^n-1}{M-1}
= M^n\!\left(3-\frac{M}{M-1}\right)+\frac{M}{M-1}.
\]
For \(M\ge 4\) we have \(3-\frac{M}{M-1}\ge \frac{5}{3}\) and \(\frac{M}{M-1}\le\frac{4}{3}\), so
\[
|a_{k+1}|\ge \frac{5}{3}M^n+1>M,
\]
contradicting the maximality of \(M\).  Hence \(M\le 3\).

If some \(a_i=3\) with \(i<n\), then using the same estimate with \(|a_i|=3\) we obtain
\[
|a_{i+1}|\ge 3\cdot3^n-3\,(3^{n-1}+\cdots+1)=\frac{3^{n+1}+3}{2}>3,
\]
contradicting \(M=3\).  The same argument works for \(a_i=-3\).  Therefore for all \(i=0,\dots ,n-1\) we have \(|a_i|\le 2\).

---
### 3.  Determining \(a_{n-1}\)

From \(f(a_{n-1})=3\) and the bound \(|a_{n-1}|\le 2\) we test the possibilities.

* If \(a_{n-1}=0\), then \(f(0)=a_0=3\), so \(|a_0|=3\), contradicting \(|a_0|\le 2\).
* If \(a_{n-1}=2\), then
  \[
  |f(2)|\ge 3\cdot2^n-2\,(2^{n-1}+\cdots+1)=2^n+2\ge 6>3,
  \]
  so \(|a_n|=|f(2)|>3\), impossible.  The same holds for \(a_{n-1}=-2\).

Thus \(a_{n-1}\in\{-1,1\}\).

---
### 4.  Further restrictions for \(n\ge 3\)

Now assume \(n\ge 3\).  For any index \(i\le n-2\) we have \(|a_{i+1}|\le 2\) (because \(i+1\le n-1\)).  If \(|a_i|\ge 2\) then, as before,
\[
|a_{i+1}|\ge 3\cdot2^n-2\,(2^{n-1}+\cdots+1)=2^n+2\ge 10>2,
\]
contradiction.  Hence for all \(i=0,\dots ,n-2\) we have \(|a_i|\le 1\); that is, \(a_i\in\{-1,0,1\}\).

---
### 5.  The cases \(n\ge 4\) (pigeonhole argument)

For \(n\ge 4\) we have \(n\) numbers \(a_0,\dots ,a_{n-1}\) each belonging to \(\{-1,0,1\}\) (note that \(a_{n-1}=\pm1\) is included).  By the pigeonhole principle there exist indices \(i<j\) with \(a_i=a_j\).

* If \(j=n-1\), then \(a_i=a_{n-1}\) and \(f(a_i)=a_{i+1}\), \(f(a_{n-1})=3\) give \(a_{i+1}=3\), impossible because \(a_{i+1}\in\{-1,0,1\}\).
* If \(j\le n-2\), then applying \(f\) repeatedly yields
  \[
  a_{i+1}=f(a_i)=f(a_j)=a_{j+1},\quad a_{i+2}=a_{j+2},\quad\dots,\quad a_{i+n-j}=a_n=3.
  \]
  Since \(i\le j-1\), we have \(i+n-j\le n-1\), so \(a_{i+n-j}\) is among \(a_0,\dots ,a_{n-1}\), all of which are in \(\{-1,0,1\}\), contradiction.

Thus no solution exists for \(n\ge 4\).

---
### 6.  The case \(n=3\)

Now \(a_3=3\), \(a_2=\pm1\), and \(a_0,a_1\in\{-1,0,1\}\).  Write the three equations:

\[
\begin{aligned}
f(a_0)&=a_1,\\
f(a_1)&=a_2,\\
f(a_2)&=3,
\end{aligned}
\qquad
f(x)=3x^3+a_2x^2+a_1x+a_0.
\]

From \(f(a_2)=3\) we obtain
\[
4a_2^3+a_1a_2+a_0=3\quad\Longrightarrow\quad 4a_2+a_1a_2+a_0=3,
\]
because \(a_2^3=a_2\).

* **If \(a_2=1\)**, then \(4+a_1+a_0=3\Rightarrow a_1+a_0=-1\).  The only possibilities are \((a_1,a_0)=(-1,0)\) or \((0,-1)\).  
  – For \((a_1,a_0)=(-1,0)\): \(f(a_1)=f(-1)=3(-1)^3+1\cdot(-1)^2+(-1)(-1)+0=-3+1+1+0=-1\neq 1\).  
  – For \((a_1,a_0)=(0,-1)\): \(f(a_1)=f(0)=a_0=-1\neq 1\).  
  Hence no solution.

* **If \(a_2=-1\)**, then \(-4-a_1+a_0=3\Rightarrow a_0-a_1=7\), impossible because \(a_0,a_1\in\{-1,0,1\}\).

Therefore no solution exists for \(n=3\).

---
### 7.  The case \(n=2\)

Here \(f(x)=3x^2+a_1x+a_0\) and \(a_2=3\).  The conditions are
\[
f(a_0)=a_1,\qquad f(a_1)=3.
\]

From \(f(a_1)=3\) we get
\[
3a_1^2+a_1^2+a_0=4a_1^2+a_0=3\quad\Longrightarrow\quad a_0=3-4a_1^2.
\]
Substituting into \(f(a_0)=a_1\):
\[
3(3-4a_1^2)^2+a_1(3-4a_1^2)+(3-4a_1^2)=a_1.
\]
Simplifying yields
\[
24a_1^4-2a_1^3-38a_1^2+a_1+15=0.
\]
Factoring,
\[
(a_1-1)(24a_1^3+22a_1^2-16a_1-15)=0.
\]
The cubic has no integer root (testing \(\pm1,\pm3,\pm5,\pm15\) gives non‑zero values).  Thus \(a_1=1\) and consequently \(a_0=3-4=-1\).  Direct verification shows
\[
f(x)=3x^2+x-1,\quad f(-1)=1,\quad f(1)=3,
\]
so the sequence \((a_0,a_1,a_2)=(-1,1,3)\) satisfies all conditions.

---
### 8.  Conclusion

The only positive integer \(n\) for which a suitable integer sequence exists is \(n=2\), and the unique sequence is
\[
\boxed{n=2,\quad a_0=-1,\;a_1=1,\;a_2=3}.
\]"
PB-Basic-008,Basic,Algebra,pre-IMO,7.0,"Let \(a,b,c>0\) with \(a+b+c=1\).  Set \(x=\sqrt a,\;y=\sqrt b,\;z=\sqrt c\).  Then \(x,y,z>0\) and
\[
x^2+y^2+z^2=1.
\]
The desired inequality becomes
\[
x+y+z \ge 3\sqrt3\,(x^2y^2+y^2z^2+z^2x^2). \tag{1}
\]

Introduce the symmetric sums
\[
p=x+y+z,\qquad q=xy+yz+zx,\qquad r=xyz.
\]
From \(x^2+y^2+z^2=1\) we have
\[
p^2-2q=1\quad\Longrightarrow\quad q=\frac{p^2-1}{2},\qquad p\in[1,\sqrt3].
\]
Moreover,
\[
x^2y^2+y^2z^2+z^2x^2 = q^2-2pr.
\]
Thus (1) is equivalent to
\[
p \ge 3\sqrt3\,(q^2-2pr).
\]
Both sides are non‑negative, so squaring gives the equivalent inequality
\[
p^2 \ge 27\,(q^2-2pr)^2\qquad\Longleftrightarrow\qquad
1+2q \ge 27\,(q^2-2pr)^2. \tag{2}
\]

We first note that \(q^2-2pr\ge0\).  Indeed, the well‑known inequality
\[
(xy+yz+zx)^2 \ge 3xyz(x+y+z)
\]
gives \(q^2\ge 3pr\); hence
\[
q^2-2pr \ge q^2-\frac{2}{3}q^2 = \frac{q^2}{3}\ge0.
\]

Now split the proof according to the value of \(q\).

**Case 1:** \(0\le q\le\frac12\).  
Because \(r\ge0\), we have \(q^2-2pr\le q^2\).  Using \(q^2-2pr\ge0\) we obtain
\[
(q^2-2pr)^2 \le q^4.
\]
Therefore it suffices to prove
\[
1+2q \ge 27q^4. \tag{3}
\]
Define \(f(q)=1+2q-27q^4\) on \([0,\frac12]\).  Then
\[
f(0)=1>0,\qquad f\!\left(\frac12\right)=2-\frac{27}{16}=\frac{5}{16}>0,
\]
and
\[
f'(q)=2-108q^3.
\]
The equation \(f'(q)=0\) has the unique solution \(q_0=\sqrt[3]{\frac1{54}}\in(0,\frac12)\).  For \(q<q_0\) we have \(f'(q)>0\); for \(q>q_0\) we have \(f'(q)<0\).  Hence \(f\) increases to a maximum at \(q_0\) and then decreases, so its minimum on \([0,\frac12]\) is attained at an endpoint.  Since both endpoints give positive values, \(f(q)>0\) for all \(q\in[0,\frac12]\).  Thus (3) holds, and consequently (2) is true in this case.

**Case 2:** \(\frac12\le q\le1\).  
We use Schur’s inequality of degree 3 (valid for non‑negative numbers):
\[
x^3+y^3+z^3+3xyz \ge xy(x+y)+yz(y+z)+zx(z+x),
\]
which in symmetric sums reads
\[
p^3+9r \ge 4pq.
\]
Substituting \(p=\sqrt{1+2q}\) yields
\[
(1+2q)^{3/2}+9r \ge 4q\sqrt{1+2q},
\]
so that
\[
9r \ge \sqrt{1+2q}\,(2q-1)\qquad\Longrightarrow\qquad
r \ge \frac{\sqrt{1+2q}\,(2q-1)}{9}.
\]
Now estimate \(q^2-2pr\):
\[
q^2-2pr \le q^2-2\sqrt{1+2q}\cdot\frac{\sqrt{1+2q}\,(2q-1)}{9}
= q^2-\frac{2(1+2q)(2q-1)}{9}
= \frac{q^2+2}{9}.
\]
Since \(q^2-2pr\ge0\), squaring gives
\[
(q^2-2pr)^2 \le \frac{(q^2+2)^2}{81},
\]
and therefore
\[
27\,(q^2-2pr)^2 \le \frac{(q^2+2)^2}{3}.
\]
To prove (2) it is enough to show
\[
1+2q \ge \frac{(q^2+2)^2}{3}\quad\Longleftrightarrow\quad
3(1+2q) \ge (q^2+2)^2.
\]
Expanding and simplifying:
\[
3+6q \ge q^4+4q^2+4
\;\Longleftrightarrow\;
q^4+4q^2-6q+1 \le 0.
\]
Factorising,
\[
q^4+4q^2-6q+1 = (q-1)(q^3+q^2+5q-1).
\]
For \(q\in[\frac12,1]\) we have \(q-1\le0\) and
\[
q^3+q^2+5q-1 >0
\]
(the cubic is positive at \(q=\frac12\) and its derivative \(3q^2+2q+5\) is always positive, hence it is increasing and remains positive).  Consequently the product is \(\le0\), so the inequality holds.  Thus (2) is true in this case as well.

Since every admissible triple \((x,y,z)\) falls into one of the two cases, inequality (2) is always satisfied.  Taking square roots (both sides are non‑negative) we obtain (1), and returning to \(a,b,c\) gives
\[
\sqrt{a}+\sqrt{b}+\sqrt{c} \ge 3\sqrt3\,(ab+bc+ca),
\]
with equality exactly when \(a=b=c=\frac13\) (the only point where all the inequalities used become equalities).  This completes the proof."
PB-Basic-009,Basic,Combinatorics,IMO-easy,1.0,"We may assume without loss of generality that the average \(m\) is \(0\) by subtracting \(m\) from every number. Then we have \(18\) real numbers \(b_1,\dots,b_{18}\) with \(\sum_{i=1}^{18}b_i = 0\). We need to find the minimum possible number \(A\) of triples \((i,j,k)\) with \(i<j<k\) such that \(b_i+b_j+b_k \ge 0\).

Let \(M = \max\{b_1,\dots,b_{18}\}\). If \(M \le 0\) then all \(b_i \le 0\) and the sum is \(0\) forces all \(b_i = 0\); then every triple has sum \(0\) and \(A = \binom{18}{3} = 816 \ge 136\). So we may assume \(M>0\).

Consider the set of the other \(17\) numbers (all numbers except the one equal to \(M\)). Their sum is \(-M\) because the total sum is \(0\). There are \(\binom{17}{2}=136\) unordered pairs from these \(17\) numbers. The sum of the numbers in each pair is some value. The total sum of all these pair sums is
\[
16 \cdot (-M) = -16M,
\]
since each of the \(17\) numbers appears in exactly \(16\) pairs.

Suppose there existed a pair \((i,j)\) from these \(17\) numbers with \(b_i+b_j < -M\). Let \(N\) be the number of such pairs. Then the sum of the pair sums for these \(N\) pairs is strictly less than \(-N M\). The sum of the pair sums for the remaining \(136-N\) pairs is at least \(-(136-N)M\) because each of those sums is at least \(-M\). Therefore the total sum of all pair sums is strictly less than
\[
-NM - (136-N)M = -136M.
\]
But we already know this total sum equals \(-16M\). Hence
\[
-16M < -136M \quad\Longrightarrow\quad 16M > 136M,
\]
which is impossible for \(M>0\). Consequently, no such pair exists; thus for every pair \((i,j)\) from the \(17\) numbers we have \(b_i+b_j \ge -M\).

Now consider any triple that contains the index where \(M\) occurs together with two other indices. The sum of the triple is
\[
M + b_i + b_j \ge M - M = 0.
\]
Hence all \(\binom{17}{2}=136\) triples that contain the maximum number are non‑negative. Therefore \(A \ge 136\).

To see that \(136\) is attainable, take
\[
a_1 = 17,\qquad a_2 = a_3 = \cdots = a_{18} = -1.
\]
The average is \(0\). Every triple that contains \(a_1\) has sum \(17-1-1 = 15 \ge 0\); there are \(\binom{17}{2}=136\) such triples. Every triple not containing \(a_1\) consists of three \(-1\)'s and has sum \(-3 < 0\). Hence \(A = 136\).

Thus the minimum possible value of \(A\) is \(\boxed{136}\)."
PB-Basic-010,Basic,Combinatorics,IMO-easy,7.0,"We prove that the two sums are different by showing that their difference is nonzero.

Let $A$ and $B$ be a partition of $\{1,2,\dots,2022\}$ with $|A|=|B|=1011$. Define $S_{AB}=\{(a,b)\in A\times B: a<b\}$ and $S_{BA}=\{(a,b)\in A\times B: b<a\}$. Consider the double sum
\[
T=\sum_{(a,b)\in A\times B}(b-a)=\sum_{(a,b)\in S_{AB}}(b-a)+\sum_{(a,b)\in S_{BA}}(b-a).
\]
For $(a,b)\in S_{BA}$, $b<a$, so $b-a=-(a-b)$, hence $\sum_{(a,b)\in S_{BA}}(b-a)=-\sum_{(a,b)\in S_{BA}}(a-b)$. Therefore
\[
T = \sum_{(a,b)\in S_{AB}}(b-a)-\sum_{(a,b)\in S_{BA}}(a-b).
\]
Thus the two sums are equal if and only if $T=0$.

Now compute $T$ in another way:
\[
T = \sum_{a\in A}\sum_{b\in B}(b-a)=\sum_{a\in A}\left(\sum_{b\in B}b - |B|a\right)=\sum_{a\in A}\bigl(S_B-1011a\bigr)=1011S_B-1011\sum_{a\in A}a = 1011(S_B-S_A),
\]
where $S_A=\sum_{a\in A}a$ and $S_B=\sum_{b\in B}b$.

Since $A$ and $B$ partition $\{1,\dots,2022\}$, we have $S_A+S_B = \sum_{k=1}^{2022}k = \frac{2022\cdot2023}{2}=1011\cdot2023$. The product $1011\cdot2023$ is odd because both factors are odd. Hence $S_A+S_B$ is odd. Consequently $S_A$ and $S_B$ cannot be equal (if they were equal, their sum would be even). Therefore $S_B-S_A\neq0$, and since $1011\neq0$, we obtain $T\neq0$.

Thus $T\neq0$, which implies
\[
\sum_{(a,b)\in S_{AB}}(b-a)\neq\sum_{(a,b)\in S_{BA}}(a-b).
\]

This completes the proof."
PB-Basic-011,Basic,Combinatorics,IMO-easy,7.0,"Let \(A\subset\{1,2,\dots,2000\}\) with \(|A|=1000\) and such that no element of \(A\) divides another.  For each odd number \(o\le 1999\) consider the set  
\[
C_o=\{o\cdot2^k\mid k\ge0,\ o\cdot2^k\le2000\}.
\]  
These sets are pairwise disjoint and their union is \(\{1,2,\dots,2000\}\).  Within each \(C_o\) the numbers are totally ordered by divisibility (each divides the next).  Hence an antichain can contain at most one element from each \(C_o\).  Since there are exactly \(1000\) odd numbers in \(\{1,\dots,2000\}\), any antichain of size \(1000\) must contain exactly one element from each \(C_o\).

For each odd \(o\) let \(k(o)\) be the unique non‑negative integer such that \(o\cdot2^{k(o)}\in A\).  Then the condition that no two distinct elements of \(A\) divide each other is equivalent to: for any two odd numbers \(d,o\) with \(d\mid o\) we must have \(k(d)>k(o)\).  (If \(d\mid o\) then \(d\cdot2^{k(d)}\mid o\cdot2^{k(o)}\) exactly when \(k(d)\le k(o)\); to avoid divisibility we need \(k(d)>k(o)\).)

Define \(h(o)\) to be the length of a longest chain of odd numbers starting from \(o\) and staying inside \(\{1,\dots,1999\}\).  The chain is obtained by repeatedly multiplying by \(3\) (the smallest odd factor \(>1\)), so  
\[
h(o)=1+\left\lfloor\log_3\frac{1999}{o}\right\rfloor .
\]  
If \(d\mid o\) then a chain from \(d\) can be extended by appending a chain from \(o\); hence \(h(d)\ge h(o)+1\).  For any admissible assignment \(k\) we have, along a chain of length \(h(o)\),
\[
k(o)>k(o_1)>\dots>k(o_{h(o)-1})\ge0,
\]  
so \(k(o)\ge h(o)-1\).  Consequently every element of \(A\) is at least \(o\cdot2^{h(o)-1}\).  Therefore the smallest element of \(A\) is at least  
\[
\min_{o\text{ odd},\,1\le o\le1999} o\cdot2^{h(o)-1}.
\]

Now compute this minimum.  For each possible value of \(h(o)\) we have  
\[
h(o)=L\ \Longleftrightarrow\ 3^{L-1}\le\frac{1999}{o}<3^{L}.
\]  
Thus \(o\) lies in the interval \(\bigl(1999/3^{L},\,1999/3^{L-1}\bigr]\).  The corresponding products are  
\[
\begin{aligned}
L=7:&\ o=1,\ \text{product}=1\cdot2^{6}=64,\\
L=6:&\ o=3,5,7,\ \text{products}=96,160,224,\\
L=5:&\ o=9,11,13,15,17,19,21,23,\ \text{products}=144,176,208,240,272,304,336,368,\\
L=4:&\ o=25,27,\dots,73,\ \text{products}=200,216,232,248,264,280,296,312,328,344,360,376,392,408,424,440,456,472,488,504,520,536,552,568,584,\\
L=3:&\ o=75,77,\dots,1999/3^2\approx222.22,\ \text{products}=o\cdot4,\ \text{smallest}=75\cdot4=300,\\
L=2:&\ o=223,225,\dots,1999/3\approx666.33,\ \text{products}=o\cdot2,\ \text{smallest}=223\cdot2=446,\\
L=1:&\ o=667,669,\dots,1999,\ \text{products}=o,\ \text{smallest}=667.
\end{aligned}
\]  
The smallest value among all these is \(64\) (attained by \(o=1\)).

Now we show that the bound \(64\) is attainable.  For each odd \(o\) set  
\[
k(o)=h(o)-1.
\]  
Then the numbers \(o\cdot2^{k(o)}\) are all \(\le2000\) because  
\[
o\cdot2^{h(o)-1}\le o\cdot3^{h(o)-1}\le1999\le2000.
\]  
By construction, for any \(d\mid o\) we have \(h(d)\ge h(o)+1\), hence \(k(d)=h(d)-1\ge h(o)>h(o)-1=k(o)\).  Thus the set  
\[
A=\{o\cdot2^{h(o)-1}\mid o\text{ odd},\ 1\le o\le1999\}
\]  
is an antichain of size \(1000\) (one element from each chain).  Its smallest element is \(1\cdot2^{6}=64\).  

Therefore the minimum possible value of \(m_A\) is \(64\).

\[
\boxed{64}
\]"
PB-Basic-012,Basic,Combinatorics,IMO-medium,7.0,"We encode each path as a sequence of \(n\) right steps (R) and \(n\) up steps (U).  
For a path \(P\) let \(u(t)\) be the number of U’s among the first \(t\) steps.  
The condition is \(u_1(t)\le u_2(t)\) for all \(t\), i.e. the difference  
\(d(t)=u_2(t)-u_1(t)\) satisfies \(d(0)=0,\;d(2n)=0\) and \(d(t)\ge0\) for every \(t\).

At each step the pair of moves is one of four types: \((R,R),\;(R,U),\;(U,R),\;(U,U)\).  
The change of \(d\) is \(+1\) for \((R,U)\), \(-1\) for \((U,R)\) and \(0\) otherwise.  
Let \(a\) be the number of \((R,U)\) steps.  Counting the total number of U’s in each path gives  
\(a\) also equals the number of \((U,R)\) steps, and the number of \((U,U)\) steps is \(n-a\);  
consequently the number of \((R,R)\) steps is also \(n-a\).

The condition \(d(t)\ge0\) means that when we ignore the zero‑step types \((R,R)\) and \((U,U)\),  
the sequence of \((R,U)\) and \((U,R)\) steps must be a Dyck word: a sequence of \(a\) up‑steps and \(a\) down‑steps whose partial sums never become negative.  
The number of Dyck words of length \(2a\) is the Catalan number  
\(C_a=\frac1{a+1}\binom{2a}{a}\).

Now fix a Dyck word of length \(2a\).  We have to insert the \(2(n-a)\) zero steps  
(\(n-a\) of type \((R,R)\) and \(n-a\) of type \((U,U)\)) into the sequence.  
The number of ways to choose the positions for the Dyck steps among the \(2n\) total steps is \(\binom{2n}{2a}\);  
the remaining \(2(n-a)\) positions are filled with the zero steps, and the number of ways to assign exactly \(n-a\) of them as \((R,R)\) and the rest as \((U,U)\) is \(\binom{2(n-a)}{n-a}\).  
Hence for a given \(a\) the number of valid pairs is  
\(C_a\binom{2n}{2a}\binom{2n-2a}{n-a}\).  
Summing over \(a=0,\dots,n\) we obtain  

\[
f(n)=\sum_{a=0}^{n}\frac1{a+1}\binom{2a}{a}\binom{2n}{2a}\binom{2n-2a}{n-a}.
\]

We simplify the sum.  Using  
\[
\binom{2n}{2a}\binom{2n-2a}{n-a}
=\frac{(2n)!}{(2a)!\,(n-a)!\,(n-a)!}
=\binom{2n}{n}\cdot\frac{\binom{n}{a}^2}{\binom{2a}{a}},
\]
the expression becomes  

\[
f(n)=\binom{2n}{n}\sum_{a=0}^{n}\frac{\binom{n}{a}^2}{a+1}.
\]

Now evaluate the sum.  Write \(\frac1{a+1}=\frac{1}{n+1}\binom{n+1}{a+1}\binom{n}{a}^{-1}\) (using \(\binom{n+1}{a+1}=\frac{n+1}{a+1}\binom{n}{a}\)) so that  

\[
\frac{\binom{n}{a}^2}{a+1}
=\frac{1}{n+1}\binom{n}{a}\binom{n+1}{a+1}.
\]

Thus  

\[
\sum_{a=0}^{n}\frac{\binom{n}{a}^2}{a+1}
=\frac1{n+1}\sum_{a=0}^{n}\binom{n}{a}\binom{n+1}{a+1}.
\]

But \(\binom{n+1}{a+1}=\binom{n+1}{n-a}\), and by Vandermonde’s identity  

\[
\sum_{a=0}^{n}\binom{n}{a}\binom{n+1}{n-a}
=\binom{2n+1}{n}.
\]

Hence  

\[
\sum_{a=0}^{n}\frac{\binom{n}{a}^2}{a+1}=\frac1{n+1}\binom{2n+1}{n}.
\]

Consequently  

\[
f(n)=\binom{2n}{n}\cdot\frac1{n+1}\binom{2n+1}{n}
=\frac1{n+1}\binom{2n}{n}\binom{2n+1}{n}.
\]

For \(n=10\) we compute  

\[
\binom{20}{10}=184756,\qquad
\binom{21}{10}=352716,\qquad
n+1=11,
\]

so  

\[
f(10)=\frac{184756\cdot352716}{11}=5\,924\,217\,936.
\]

\[
\boxed{5924217936}
\]"
PB-Basic-013,Basic,Combinatorics,pre-IMO,6.75,"**Proof.** Assume, for contradiction, that no two colors occur together in more than one box. That is, for any two distinct colors \(a\) and \(b\), the number of boxes containing both \(a\) and \(b\) is at most \(1\).

For each color \(c\) let \(S_c\) be the set of boxes that contain a ball of color \(c\), and let \(r_c=|S_c|\). Since each box contains six balls of distinct colors, the total number of ball‑box incidences is \(8\cdot6=48\); hence
\[
\sum_{c=1}^{22} r_c = 48.
\]

If two boxes shared two different colors, say \(c\) and \(d\), then both \(c\) and \(d\) would belong to the intersection \(S_c\cap S_d\), contradicting the assumption that \(|S_c\cap S_d|\le 1\). Therefore any two boxes share at most one color.

Now consider the sum
\[
T = \sum_{c=1}^{22} \binom{r_c}{2}.
\]
It counts the number of unordered pairs of boxes that both contain color \(c\). Because any two boxes share at most one color, each pair of boxes that have a common color is counted exactly once (by the unique common color). Hence \(T\) equals the number of unordered pairs of boxes that have a common color. There are \(\binom{8}{2}=28\) pairs of boxes, so
\[
T \le 28.
\]

We obtain a lower bound for \(T\). With the fixed sum \(\sum r_c = 48\) and 22 variables, the sum of squares \(\sum r_c^2\) is minimized when the \(r_c\) are as equal as possible. The average is \(48/22\approx 2.1818\); the minimal sum of squares is attained when 4 colors have \(r_c=3\) and the remaining 18 have \(r_c=2\). This gives
\[
\sum r_c^2 = 4\cdot9+18\cdot4 = 108.
\]
Then
\[
T = \frac{1}{2}\Bigl(\sum r_c^2 - \sum r_c\Bigr) = \frac{108-48}{2}=30.
\]
Any other distribution of the \(r_c\) (with the same sum) would yield a larger sum of squares, hence \(T\ge 30\).

Thus we have \(T\ge 30\) and \(T\le 28\), a contradiction. Therefore our initial assumption is false, and there exist two colors that occur together in more than one box. ∎"
PB-Basic-014,Basic,Combinatorics,pre-IMO,7.0,"Let \(n = 2024\) and let each Googler \(i\) have a set \(S_i\) of colors (the colors of the flags they hold); \(|S_i|\le 5\) for all \(i\).  
The condition “any three Googlers have at least two who share a color” is equivalent to:  
there is no triple of Googlers whose color sets are pairwise disjoint.  
We want to prove that some color appears in at least \(200\) of the sets \(S_i\).

Assume, for contradiction, that every color is held by at most \(199\) Googlers.  
Pick any Googler \(A\). The colors in \(S_A\) are at most \(5\); each such color appears in at most \(199\) Googlers, so the number of Googlers that share a color with \(A\) is at most \(5\cdot 199 = 995\).  
Hence at least \(2024 - 995 = 1029\) Googlers have no color in common with \(A\).  
Choose one of them as \(B\). Thus \(S_A\cap S_B = \varnothing\).

Now consider the union of the color classes of the colors in \(S_A\cup S_B\).  
Since \(S_A\) and \(S_B\) are disjoint, there are at most \(10\) colors. Each of these colors is held by at most \(199\) Googlers, so the number of Googlers that share a color with \(A\) or \(B\) is at most \(10\cdot 199 = 1990\).  
Therefore at least \(2024 - 1990 = 34\) Googlers have no color in common with either \(A\) or \(B\).  
Pick one of them as \(C\). Then \(S_A, S_B, S_C\) are pairwise disjoint.

This contradicts the given condition that no three Googlers have pairwise disjoint color sets.  
Hence our assumption was false, and there exists a color that is held by at least \(200\) Googlers. ∎"
PB-Basic-015,Basic,Combinatorics,pre-IMO,7.0,"Let the cars be labeled $1,\dots,n$. For each car $i$, denote its length by $\ell_i$ and its width by $w_i$. All $\ell_i$ are distinct, and all $w_i$ are distinct. Initially the cars are arranged in increasing order of length from left to right, so for any $i<j$ (in the initial order) we have $\ell_i < \ell_j$.

We first prove that the process always terminates. Define the potential function
\[
P = \#\{\, (i,j) \mid i<j \text{ (in the current order) and } w_i > w_j \,\}.
\]
$P$ is the number of inversions in the width sequence. Consider a swap of two adjacent cars $A$ (left) and $B$ (right) that is allowed. By definition, $\ell_A < \ell_B$ and $w_A > w_B$. For any car $X$ to the left of the pair, the pairs $(X,A)$ and $(X,B)$ are both present before and after the swap; the set of these two pairs is the same, so the contribution to $P$ from $X$ is unchanged. Similarly, for any car $Y$ to the right of the pair, the pairs $(A,Y)$ and $(B,Y)$ are unchanged. The only pair whose status changes is $(A,B)$ itself, which was an inversion (since $w_A>w_B$) and becomes a non‑inversion after the swap. Hence $P$ decreases by exactly $1$. Since $P$ is a non‑negative integer, it cannot decrease indefinitely, so the process must terminate after finitely many swaps. This establishes termination.

Now we prove that at the moment the process stops, the cars are in increasing order of width. We introduce an invariant that holds throughout the execution.

**Invariant.** For any two distinct cars $X$ and $Y$, if $X$ is to the left of $Y$ and $\ell_X > \ell_Y$, then $w_X < w_Y$.

We prove the invariant by induction on the number of swaps.

*Base case.* Initially the cars are in increasing order of length, so for any $X,Y$ with $X$ left of $Y$ we have $\ell_X < \ell_Y$. Hence there is no pair satisfying $\ell_X > \ell_Y$, and the invariant holds vacuously.

*Induction step.* Assume the invariant holds before a swap. Let $A$ (left) and $B$ (right) be the two adjacent cars that are swapped. By the rule we have $\ell_A < \ell_B$ and $w_A > w_B$. After the swap the order becomes $B,A$.

We verify that the invariant is preserved for every pair of cars.

- **The pair $(A,B)$.** After the swap $B$ is left of $A$ and $\ell_B > \ell_A$; the swap condition gives $w_B < w_A$, so the condition $\ell_B > \ell_A \implies w_B < w_A$ holds.
- **Pairs involving a car $C$ that is to the left of $A$ (and hence to the left of $B$).** The relative order of $C$ with respect to $A$ and $B$ is unchanged: $C$ remains left of both $A$ and $B$. Therefore the conditions for the pairs $(C,A)$ and $(C,B)$ are exactly the same as before the swap, and by the induction hypothesis they were true. Hence they remain true after the swap.
- **Pairs involving a car $D$ that is to the right of $B$ (and hence to the right of $A$).** The relative order of $D$ with respect to $A$ and $B$ is also unchanged: both $A$ and $B$ remain left of $D$. Thus the conditions for $(A,D)$ and $(B,D)$ are unchanged and remain true.
- **All other pairs** do not involve $A$ or $B$, so their relative order is unchanged and the invariant holds for them by the induction hypothesis.

Thus the invariant holds after the swap. By induction, it holds for every configuration reachable from the initial one.

Now consider a terminal configuration (no allowed swap exists). Suppose, for contradiction, that the widths are not in increasing order from left to right. Then there exists an adjacent pair $X,Y$ (with $X$ left of $Y$) such that $w_X > w_Y$. Apply the invariant to this pair. Because $w_X > w_Y$, the invariant forces $\ell_X < \ell_Y$ (if $\ell_X > \ell_Y$ then the invariant would give $w_X < w_Y$, a contradiction). Hence we have $\ell_X < \ell_Y$ and $w_X > w_Y$, which is exactly the condition for an allowed swap. This contradicts the fact that the process has terminated. Therefore no such adjacent pair exists; for every adjacent pair we must have $w_X < w_Y$. Consequently the cars are sorted in increasing order of width from left to right.

We have shown that the process always terminates and that the final arrangement is sorted by increasing width. This completes the proof."
PB-Basic-016,Basic,Combinatorics,pre-IMO,7.0,"We assign the colors numbers \(0,1,2\) modulo \(3\) as follows: red = \(0\), white = \(1\), blue = \(2\).  Fix the cyclic order \(0 \to 1 \to 2 \to 0\).  For each edge from stone \(i\) to stone \(i+1\) (indices modulo \(101\)) define
\[
\sigma_i = 
\begin{cases}
+1 & \text{if } c_{i+1} \equiv c_i+1 \pmod{3},\\
-1 & \text{if } c_{i+1} \equiv c_i-1 \pmod{3}.
\end{cases}
\]
Let \(S = \sum_{i=1}^{101} \sigma_i\).  We claim that \(S\) is invariant under any allowed modification.

A modification repaints a stone \(i\) to a different color, provided the new coloring still has no two adjacent stones of the same color.  If the two neighbours of \(i\) have different colors, then the only color different from both is the third color, which is already the color of \(i\) (because \(i\) must differ from both neighbours).  Hence no repaint is possible.  Therefore a move can only be performed on a stone whose two neighbours have the same colour.  Let that common colour be \(C\).  The current colour of \(i\) is \(D \neq C\); the repaint can only change \(i\) to the other colour different from \(C\) (the colour \(E\) with \(E \neq C,D\)).  Thus the move swaps \(D\) and \(E\).

Consider the two edges incident to \(i\): \((i-1,i)\) and \((i,i+1)\).  Because the neighbours are both \(C\), we have the following possibilities:
\[
\begin{array}{c|c|c}
D & \sigma_{i-1,i} & \sigma_{i,i+1} \\ \hline
C+1 & +1 & -1 \\
C+2 & -1 & +1
\end{array}
\]
In both cases the sum of the two signs is \(0\).  After the move, \(i\) becomes \(E\) which is the other colour (if \(D=C+1\) then \(E=C+2\), and if \(D=C+2\) then \(E=C+1\)).  The signs then become the opposite pair, but their sum remains \(0\).  Hence the total change in \(S\) contributed by these two edges is \(0\), so \(S\) is invariant.

Now compute \(S\) for the initial and final configurations.

*Initial configuration:* stone \(101\) is blue (\(2\)); stones \(1,3,\dots,99\) are white (\(1\)); stones \(2,4,\dots,100\) are red (\(0\)).  For edges:
\[
\begin{array}{ll}
1\!-\!2: & 0-1 \equiv -1 \pmod{3} \Rightarrow \sigma=-1,\\
2\!-\!3: & 1-0 \equiv +1 \pmod{3} \Rightarrow \sigma=+1,\\
3\!-\!4: & 0-1 \equiv -1,\\
\vdots & \\
99\!-\!100: & 0-1 \equiv -1,\\
100\!-\!101: & 2-0 \equiv -1,\\
101\!-\!1: & 1-2 \equiv -1.
\end{array}
\]
There are \(50\) edges of the form \(W\!-\!R\) (odd–even) giving \(-1\), \(49\) edges of the form \(R\!-\!W\) (even–odd) giving \(+1\), and the two edges \(100\!-\!101\) and \(101\!-\!1\) also give \(-1\).  Thus the number of \(+1\) edges is \(49\) and the number of \(-1\) edges is \(52\), so \(S = 49-52 = -3\).

*Final configuration:* stone \(101\) is blue (\(2\)); stones \(1,3,\dots,99\) are red (\(0\)); stones \(2,4,\dots,100\) are white (\(1\)).  For edges:
\[
\begin{array}{ll}
1\!-\!2: & 1-0 \equiv +1,\\
2\!-\!3: & 0-1 \equiv -1,\\
3\!-\!4: & 1-0 \equiv +1,\\
\vdots & \\
99\!-\!100: & 1-0 \equiv +1,\\
100\!-\!101: & 2-1 \equiv +1,\\
101\!-\!1: & 0-2 \equiv +1.
\end{array}
\]
There are \(50\) edges of the form \(R\!-\!W\) (odd–even) giving \(+1\), \(49\) edges of the form \(W\!-\!R\) (even–odd) giving \(-1\), and the two edges \(100\!-\!101\) and \(101\!-\!1\) give \(+1\).  Hence the number of \(+1\) edges is \(52\) and the number of \(-1\) edges is \(49\), so \(S = 52-49 = 3\).

Since \(S\) is invariant and the initial and final values are different (\(-3 \neq 3\)), it is impossible to reach the final state from the initial state by a sequence of allowed modifications.  This completes the proof."
PB-Basic-017,Basic,Number theory,pre-IMO,7.0,"Let \(n\) be a non‑negative integer.  Set \(k=n^{2}+n+1\).  Then \(k\ge 1\) because \(n^{2}+n+1\ge 1\) for all integers \(n\).  
Define \(t = 3^{4k}\).  Since \(3^{20k} = (3^{4k})^{5}=t^{5}\) and \(3^{28k} = (3^{4k})^{7}=t^{7}\), we have  

\[
A_n = 1+3^{20k}+3^{28k} = 1+t^{5}+t^{7}.
\]

A direct expansion shows the algebraic identity  

\[
1+t^{5}+t^{7} = (t^{2}+t+1)(t^{5}-t^{4}+t^{3}-t+1).
\]

Indeed, multiplying out the right‑hand side gives  

\[
(t^{2}+t+1)(t^{5}-t^{4}+t^{3}-t+1)=t^{7}+t^{5}+1.
\]

Thus  

\[
A_n = (t^{2}+t+1)(t^{5}-t^{4}+t^{3}-t+1).
\]

Now \(t=3^{4k}\) is a positive integer.  Because \(k\ge 1\), we have \(t\ge 3^{4}=81\).  Hence  

\[
t^{2}+t+1 \ge 81^{2}+81+1 = 6643 > 1,
\]

and  

\[
t^{5}-t^{4}+t^{3}-t+1 \ge 2^{5}-2^{4}+2^{3}-2+1 = 23 > 1
\]

(for any \(t\ge 2\); in particular for \(t\ge 81\)).  Therefore both factors are integers greater than \(1\), so \(A_n\) is composite.

Since this holds for every non‑negative integer \(n\), there is no \(n\) for which \(A_n\) is prime.  

\[
\boxed{\text{No such non‑negative integer } n}
\]"
PB-Basic-018,Basic,Number theory,pre-IMO,7.0,"We are given positive integers \(x,y\) satisfying \(2x^2 + x = 3y^2 + y\).  
Rewrite the equation as  
\[
2x^2 + x - 3y^2 - y = 0.
\]  
Notice that  
\[
2x^2 + x - 2y^2 - y = (x-y)(2x+2y+1),
\]  
because  
\[
(x-y)(2x+2y+1) = 2x^2+2xy+x-2xy-2y^2-y = 2x^2+x-2y^2-y.
\]  
Hence  
\[
2x^2 + x - 3y^2 - y = (x-y)(2x+2y+1) - y^2 = 0,
\]  
so  
\[
(x-y)(2x+2y+1) = y^2. \tag{1}
\]  
Since \(y>0\), the right‑hand side is positive, therefore \(x-y>0\); i.e. \(x>y\).  

Set  
\[
a = x-y,\qquad b = 2x+2y+1.
\]  
Then \(a,b\) are positive integers and \(ab = y^2\).  

Let \(d = \gcd(a,b)\) and write  
\[
a = d a_1,\qquad b = d b_1,
\]  
with \(\gcd(a_1,b_1)=1\). From \(ab = y^2\) we obtain  
\[
d^2 a_1 b_1 = y^2 \quad\Longrightarrow\quad a_1 b_1 = \left(\frac{y}{d}\right)^2.
\]  
Because \(a_1\) and \(b_1\) are coprime, each must be a perfect square:  
\[
a_1 = u^2,\qquad b_1 = v^2
\]  
for some positive integers \(u,v\). Consequently  
\[
y = d u v,\qquad a = d u^2,\qquad b = d v^2. \tag{2}
\]  

Now express \(x\) using \(a\) and \(y\):  
\[
x = y + a = d u v + d u^2 = d u (u+v). \tag{3}
\]  
Substitute (3) into the definition of \(b\):  
\[
b = 2x+2y+1 = 2d u (u+v) + 2d u v + 1 = 2d u^2 + 4d u v + 1. \tag{4}
\]  
But from (2) we also have \(b = d v^2\). Equating the two expressions for \(b\) gives  
\[
d v^2 = 2d u^2 + 4d u v + 1,
\]  
or  
\[
d(v^2 - 4uv - 2u^2) = 1. \tag{5}
\]  
Since \(d\) is a positive integer, the only possibility is  
\[
d = 1,\qquad v^2 - 4uv - 2u^2 = 1.
\]  
Therefore \(b = d v^2 = v^2\), i.e.  
\[
2x+2y+1 = v^2,
\]  
which is a perfect square. ∎"
PB-Basic-019,Basic,Number theory,IMO-easy,7.0,"We first note that for any positive integer \(n\), write \(n=2^k m\) where \(m\) is odd. Then \(\delta(n)=m\) and \(\frac{\delta(n)}{n}=2^{-k}\). So the sum is
\[
S(N)=\sum_{n=1}^N 2^{-v_2(n)},
\]
where \(v_2(n)\) is the exponent of \(2\) in \(n\).

Define \(F(N)=S(N)-\frac{2}{3}N\). We prove by strong induction on \(N\) that \(|F(N)|<1\) for all \(N\ge1\).

Base case \(N=1\): \(S(1)=1\), \(\frac{2}{3}\cdot1=\frac{2}{3}\), so \(F(1)=1-\frac{2}{3}=\frac13\) and \(|\frac13|<1\).

Inductive step: assume that for all positive integers \(m<N\), \(|F(m)|<1\). Consider \(N\).

*If \(N\) is even*, write \(N=2M\). Then
\[
S(2M)=\sum_{n=1}^{2M}2^{-v_2(n)} = \sum_{\substack{1\le n\le 2M\\ n\text{ odd}}}1 + \sum_{\substack{1\le n\le 2M\\ n\text{ even}}}2^{-v_2(n)}.
\]
The odd numbers are \(1,3,\dots,2M-1\) and each contributes \(1\), so their sum is \(M\). For an even number \(n=2k\) (\(1\le k\le M\)), \(v_2(2k)=1+v_2(k)\), so \(2^{-v_2(2k)}=2^{-1}2^{-v_2(k)}=\frac12\cdot2^{-v_2(k)}\). Hence
\[
S(2M)=M+\frac12\sum_{k=1}^M2^{-v_2(k)}=M+\frac12S(M).
\]
Therefore
\[
F(2M)=S(2M)-\frac23(2M)=M+\frac12S(M)-\frac43M=\frac12S(M)-\frac13M=\frac12\left(S(M)-\frac23M\right)=\frac12F(M).
\]
Since \(M<N\), the induction hypothesis gives \(|F(M)|<1\), so \(|F(2M)|=\frac12|F(M)|<\frac12<1\).

*If \(N\) is odd*, write \(N=2M+1\) with \(M\ge0\). For \(M=0\) we have \(N=1\) already handled. For \(M\ge1\) we have \(M<N\). Then
\[
S(2M+1)=S(2M)+1,
\]
because \(2M+1\) is odd and \(v_2(2M+1)=0\) gives contribution \(1\). Using the formula for \(S(2M)\),
\[
S(2M+1)=M+\frac12S(M)+1.
\]
Thus
\[
F(2M+1)=S(2M+1)-\frac23(2M+1)=M+\frac12S(M)+1-\frac43M-\frac23=\frac12S(M)-\frac13M+\frac13=\frac12\left(S(M)-\frac23M\right)+\frac13=\frac12F(M)+\frac13.
\]
By the induction hypothesis \(|F(M)|<1\), so
\[
|F(2M+1)|\le\frac12|F(M)|+\frac13<\frac12\cdot1+\frac13=\frac56<1.
\]
This completes the induction. Hence \(|F(N)|<1\) for every positive integer \(N\), which is exactly the required inequality."
PB-Basic-020,Basic,Number theory,IMO-easy,7.0,"Let \(a,b\) be primes satisfying \(a^2 - ab - b^3 = 1\).

Rewrite as \(a(a-b) = b^3+1 = (b+1)(b^2-b+1)\). The right-hand side is positive, so \(a-b>0\), i.e. \(a>b\).

Since \(a\) is prime, \(a\) divides the product \((b+1)(b^2-b+1)\). Hence \(a\) divides at least one of the factors.

**Case 1:** \(a \mid (b+1)\). Because \(a>b\), the only divisor of \(b+1\) that is larger than \(b\) is \(b+1\) itself, so \(a = b+1\). Substituting into the original equation gives
\[
(b+1)^2 - (b+1)b - b^3 = 1 \;\Longrightarrow\; b+1 - b^3 = 1 \;\Longrightarrow\; b(b^2-1)=0,
\]
which yields \(b=0\) or \(b=\pm1\), none of which is prime. Hence no solution in this case.

**Case 2:** \(a \mid (b^2-b+1)\). Then there exists a positive integer \(k\) such that
\[
b^2-b+1 = a k.
\]
Substituting into \(a(a-b) = (b+1)(b^2-b+1)\) gives
\[
a(a-b) = (b+1) a k \;\Longrightarrow\; a-b = k(b+1),
\]
so
\[
a = b + k(b+1). \tag{1}
\]
Now insert this expression for \(a\) into \(b^2-b+1 = a k\):
\[
b^2-b+1 = k\bigl(b + k(b+1)\bigr) = k b + k^2(b+1).
\]
Rearrange to obtain a quadratic in \(b\):
\[
b^2 - (k^2+k+1)b + (1-k^2) = 0. \tag{2}
\]
For \(b\) to be an integer, the discriminant of (2) must be a perfect square:
\[
\Delta = (k^2+k+1)^2 - 4(1-k^2) = k^4+2k^3+7k^2+2k-3.
\]
We examine \(\Delta\) for positive integers \(k\).

- If \(k=1\), then \(\Delta = 1+2+7+2-3 = 9 = 3^2\). Equation (2) yields
  \[
  b = \frac{(1^2+1+1)+3}{2} = \frac{6}{2}=3,
  \]
  and from (1) \(a = 3 + 1\cdot(3+1)=7\). Both \(7\) and \(3\) are primes, so \((7,3)\) is a solution.

- If \(k=2\), \(\Delta = 61\), which is not a perfect square.

- If \(k\ge 3\), we compare \(\Delta\) with consecutive squares. Compute:
  \[
  (k^2+k+2)^2 = k^4+2k^3+5k^2+4k+4,
  \]
  \[
  (k^2+k+3)^2 = k^4+2k^3+7k^2+6k+9.
  \]
  Then
  \[
  \Delta - (k^2+k+2)^2 = 2k^2-2k-7,
  \]
  and for \(k\ge3\) we have \(2k^2-2k-7 \ge 2\cdot9-6-7=5>0\), so \(\Delta > (k^2+k+2)^2\). Also
  \[
  \Delta - (k^2+k+3)^2 = -4k-12 <0,
  \]
  hence \(\Delta < (k^2+k+3)^2\). Thus \(\Delta\) lies strictly between two consecutive squares and cannot be a perfect square.

Therefore the only positive integer \(k\) that makes \(\Delta\) a square is \(k=1\), giving the unique pair \((a,b)=(7,3)\).

We have shown that \((7,3)\) satisfies the original equation and that no other prime pair exists. Hence the only solution is \(\boxed{(7,3)}\)."
PB-Basic-021,Basic,Number theory,IMO-easy,7.0,"Let \(x_1=6\) and \(x_n=2^{x_{n-1}}+2\) for \(n\ge2\).  Set \(y_n=\dfrac{x_n}{2}\).  Then \(y_1=3\) and for \(n\ge2\),

\[
y_n = 2^{2y_{n-1}-1}+1.
\]

All \(y_n\) are odd.  The statement \(x_{n-1}\mid x_n\) is equivalent to \(y_{n-1}\mid y_n\) for all \(n\ge2\).

We prove the following stronger claim by induction on \(n\ge2\):

\[
\text{(i) } y_{n-1}\mid y_n,\qquad
\text{(ii) } a_n:=\frac{y_n}{y_{n-1}}\text{ is odd and } a_n\equiv1\pmod{2y_{n-1}-1}.
\]

**Base case \(n=2\).**  \(y_1=3,\; y_2=33,\; a_2=11\).  \(11\) is odd and \(11\equiv1\pmod{5}=2y_1-1\).  So the claim holds.

**Inductive step.**  Assume the claim holds for some \(n\ge2\).  We prove it for \(n+1\).

*Proof of (i) for \(n+1\):*  Since \(y_{n-1}\mid y_n\) and \(y_n=y_{n-1}a_n\), we have \(y_n = y_{n-1}a_n\).  From the induction hypothesis \(a_n\equiv1\pmod{2y_{n-1}-1}\); hence \(a_n-1 = t(2y_{n-1}-1)\) for some integer \(t\).  Because \(a_n\) is odd, \(a_n-1\) is even and \(2y_{n-1}-1\) is odd, so \(t\) is even.  Write \(t=2s\).  Then

\[
a_n-1 = 2s(2y_{n-1}-1).
\]

Now \(y_n = 2^{2y_{n-1}-1}+1\), so \(2^{2y_{n-1}-1}\equiv-1\pmod{y_n}\).  Therefore

\[
2^{a_n-1} = \bigl(2^{2y_{n-1}-1}\bigr)^{2s}\equiv(-1)^{2s}=1\pmod{y_n}. \tag{1}
\]

Next,

\[
2^{2y_n-1}=2^{2y_{n-1}a_n-1} = \bigl(2^{2y_{n-1}-1}\bigr)^{a_n}\cdot 2^{a_n-1}\equiv(-1)^{a_n}\cdot2^{a_n-1}\pmod{y_n}.
\]

Since \(a_n\) is odd, \((-1)^{a_n}=-1\).  Together with (1) this gives

\[
2^{2y_n-1}\equiv-2^{a_n-1}\equiv-1\pmod{y_n},
\]

so \(2^{2y_n-1}+1\equiv0\pmod{y_n}\).  But \(y_{n+1}=2^{2y_n-1}+1\); hence \(y_n\mid y_{n+1}\).  This proves (i) for \(n+1\).

*Proof of (ii) for \(n+1\):*  Clearly \(y_{n+1}\) and \(y_n\) are odd, so \(a_{n+1}=y_{n+1}/y_n\) is odd.  Let

\[
M = 2y_n-1 = 2^{2y_{n-1}}+1.
\]

We show that \(a_{n+1}\equiv1\pmod{M}\).  Because \(y_{n+1}=2^{2y_n-1}+1\), this is equivalent to

\[
2^{2y_n-1}+1\equiv y_n\pmod{M}.
\]

Since \(y_n=2^{2y_{n-1}-1}+1\), we need to verify

\[
2^{2y_n-1}\equiv2^{2y_{n-1}-1}\pmod{M}. \tag{2}
\]

Now work modulo \(M\).  Because \(M=2^{2y_{n-1}}+1\), we have \(2^{2y_{n-1}}\equiv-1\pmod{M}\).  Hence

\[
2^{2y_{n-1}-1}= \frac{2^{2y_{n-1}}}{2}\equiv -\frac12\pmod{M}. \tag{3}
\]

Also,

\[
2^{2y_n-1}=2^{2y_{n-1}a_n-1}= \bigl(2^{2y_{n-1}-1}\bigr)^{a_n}\cdot 2^{a_n-1}.
\]

Using (3) and the fact that \(a_n\) is odd,

\[
\bigl(2^{2y_{n-1}-1}\bigr)^{a_n}\equiv\left(-\frac12\right)^{a_n}= -\frac1{2^{a_n}}\pmod{M}.
\]

Thus

\[
2^{2y_n-1}\equiv -\frac1{2^{a_n}}\cdot2^{a_n-1}= -\frac12\pmod{M}. \tag{4}
\]

Comparing (3) and (4) we see that \(2^{2y_n-1}\equiv2^{2y_{n-1}-1}\pmod{M}\); therefore (2) holds.  Consequently

\[
2^{2y_n-1}+1\equiv2^{2y_{n-1}-1}+1 = y_n\pmod{M},
\]

i.e. \(y_{n+1}\equiv y_n\pmod{M}\).  Because \(y_{n+1}=y_n a_{n+1}\), we obtain

\[
y_n(a_{n+1}-1)\equiv0\pmod{M}.
\]

We now show that \(\gcd(y_n,M)=1\).  Indeed,

\[
M-y_n = 2^{2y_{n-1}}+1 - \bigl(2^{2y_{n-1}-1}+1\bigr)=2^{2y_{n-1}-1}.
\]

Any common divisor of \(y_n\) and \(M\) must divide \(M-y_n=2^{2y_{n-1}-1}\) and also \(y_n=2^{2y_{n-1}-1}+1\); hence it divides \(1\).  Therefore \(\gcd(y_n,M)=1\), so we may multiply by the inverse of \(y_n\) modulo \(M\) to obtain \(a_{n+1}\equiv1\pmod{M}\).  This completes the proof of (ii) for \(n+1\).

By induction, (i) and (ii) hold for all \(n\ge2\).  In particular, \(y_{n-1}\mid y_n\) for every \(n\ge2\), which is equivalent to \(x_{n-1}\mid x_n\) for all \(n\ge2\).  ∎"
PB-Basic-022,Basic,Number theory,IMO-easy,6.0,"We first note that \(S=\{n^{2024}:n\in\mathbb{Z}_{\ge 0}\}\).  
Let \(P\in\mathbb{Z}[x]\) satisfy that for every \(s\in S\) there exists an integer \(x\) with \(P(x)=s\).

**Step 1.  Existence of an integer root.**  
Since \(0\in S\), there exists an integer \(r\) such that \(P(r)=0\).  
Set \(Q(x)=P(x+r)\). Then \(Q\in\mathbb{Z}[x]\), \(Q(0)=0\), and for every \(n\ge0\) there is an integer \(t\) with \(Q(t)=n^{2024}\).

**Step 2.  Form of \(Q\).**  
Write \(Q(x)=a x^d+\cdots\) with \(a\neq0\) and \(d=\deg Q\ge1\).  
Let \(r\ge1\) be the smallest exponent with a non‑zero coefficient, so that  
\(Q(x)=x^r\bigl(b x^{d-r}+\cdots +c\bigr)\) with \(b\neq0\) and \(c\) is the leading coefficient \(a\).  
We prove \(r=d\) (hence \(Q\) is a monomial).

Take a prime \(p\) such that \(p\nmid a\) and \(p\nmid b\) (such a prime exists because \(a,b\neq0\)).  
For each integer \(k\ge1\) put \(n=p^k\).  Since \(Q(t)=p^{2024k}\) for some integer \(t\), and  
\(Q(t)=t\,R(t)\) with \(R\in\mathbb{Z}[x]\) (because \(Q(0)=0\)), we have \(t\mid p^{2024k}\).  
Thus \(t=\pm p^{e}\) for some integer \(e\ge0\).  (If \(t=0\) then \(0=p^{2024k}\), impossible for \(k\ge1\).)

Write \(t=\varepsilon p^{e}\) with \(\varepsilon\in\{\pm1\}\).  Then  
\[
Q(\varepsilon p^{e})=a\varepsilon^{d}p^{de}+\cdots +b\varepsilon^{r}p^{re}=p^{2024k}.
\]  
The term with the smallest exponent of \(p\) on the left is \(b\varepsilon^{r}p^{re}\) (since \(p\nmid b\)).  Hence the \(p\)-adic valuation of the left side is exactly \(re\).  Therefore  
\[
re=2024k\quad\Longrightarrow\quad e=\frac{2024}{r}k.
\]  
Dividing the equality by \(p^{re}\) gives  
\[
a\varepsilon^{d}p^{(d-r)e}+\cdots +b\varepsilon^{r}=1.
\]  
Because \(d>r\) (otherwise \(r=d\) already), the term \(a\varepsilon^{d}p^{(d-r)e}\) grows without bound as \(k\to\infty\), while the other terms are of lower order.  The left side is an integer whose absolute value eventually exceeds \(1\), contradicting the equality \(=1\).  Hence our assumption \(r<d\) is false; thus \(r=d\).

Consequently \(Q(x)=a x^{d}\) for some non‑zero integer \(a\) and positive integer \(d\).

**Step 3.  Back to \(P\).**  
Since \(Q(x)=P(x+r)\), we have \(P(x)=a(x-r)^{d}\).

**Step 4.  Determining \(a\) and \(d\).**  
For every \(n\ge0\) there must exist an integer \(x\) with \(a(x-r)^{d}=n^{2024}\).  Put \(y=x-r\); then \(a y^{d}=n^{2024}\).  
For \(n=1\) we obtain \(a y^{d}=1\), so \(a=\pm1\) and \(y^{d}=1/a\).  
* If \(a=1\) then \(y^{d}=n^{2024}\) for all \(n\).  In particular, for \(n=2\) we need \(2^{2024}\) to be a perfect \(d\)-th power, hence \(d\mid2024\).  
* If \(a=-1\) then \(-y^{d}=n^{2024}\).  For \(n=1\) this forces \(y^{d}=-1\), so \(d\) must be odd and \(y=-1\).  For arbitrary \(n\) we then need \(y^{d}=-n^{2024}\), which is possible only if \(d\mid2024\) (take \(y=-n^{2024/d}\)).  

If \(d\) is even and \(a=-1\), then \(a y^{d}\le0\) and cannot equal the positive number \(n^{2024}\) for \(n>0\).  Thus such polynomials are excluded.

**Step 5.  Conclusion.**  
All polynomials with the required property are exactly  
\[
\boxed{P(x)=(x-r)^{d}\quad\text{with } r\in\mathbb{Z},\ d\mid2024,\ d\ge1}
\]  
and  
\[
\boxed{P(x)=-(x-r)^{d}\quad\text{with } r\in\mathbb{Z},\ d\mid2024,\ d\ \text{odd}.}
\]  
Conversely, every such polynomial satisfies the condition: for each \(n\ge0\) choose  
\(x=r+n^{2024/d}\) (or \(x=r-n^{2024/d}\) for the negative case) to obtain \(P(x)=n^{2024}\)."
PB-Basic-023,Basic,Number theory,IMO-medium,1.0,"We are given positive integers \(a,b,c\) such that
\[
2^{a}+1 = 7^{b}+2^{c}.
\]
Rearrange:
\[
2^{a}-2^{c}=7^{b}-1.
\]
The right‑hand side is positive, so \(a>c\). Let \(d=a-c>0\). Then
\[
2^{c}(2^{d}-1)=7^{b}-1. \tag{1}
\]

We determine the exponent of \(2\) in \(7^{b}-1\). Using the LTE lemma:
\[
v_2(7^{b}-1)=
\begin{cases}
1, & b\ \text{odd},\\
3+v_2(b), & b\ \text{even}.
\end{cases}
\]
Because \(2^{d}-1\) is odd, (1) gives \(c=v_2(7^{b}-1)\). Hence
\[
c=\begin{cases}
1, & b\ \text{odd},\\
3+v_2(b), & b\ \text{even}.
\end{cases} \tag{2}
\]

---

**Case 1: \(b\) odd.**  
Then \(c=1\) and the equation becomes \(2^{a}+1=7^{b}+2\), i.e. \(2^{a}=7^{b}+1\).  
For \(b=1\) we get \(7+1=8=2^{3}\), so \(a=3\) and \((a,b,c)=(3,1,1)\).  
For \(b>1\) odd, factor
\[
7^{b}+1=8\bigl(7^{b-1}-7^{b-2}+\cdots+1\bigr).
\]
The sum has \(b\) odd terms, each odd, hence it is odd and \(>1\). Thus \(7^{b}+1\) is \(8\) times an odd number \(>1\), not a power of \(2\). No further solutions.

---

**Case 2: \(b\) even.**  
Write \(b=2k\;(k\ge1)\). Then by (2)
\[
c=3+v_2(2k)=4+v_2(k). \tag{3}
\]
Let \(d=a-c\) and rewrite (1):
\[
2^{c}(2^{d}-1)=7^{2k}-1=(7^{k}-1)(7^{k}+1). \tag{4}
\]

The numbers \(7^{k}-1\) and \(7^{k}+1\) differ by \(2\); their gcd is \(2\).  
Define
\[
u=v_2(7^{k}-1),\qquad v=v_2(7^{k}+1).
\]
Then \(u+v=v_2(7^{2k}-1)=c=4+v_2(k)\).  
By LTE we have
\[
\begin{cases}
u=1,\; v=3+v_2(k)=3, & k\ \text{odd},\\[2mm]
u=3+v_2(k),\; v=1, & k\ \text{even}.
\end{cases} \tag{5}
\]
Set
\[
A=\frac{7^{k}-1}{2^{u}},\qquad B=\frac{7^{k}+1}{2^{v}}.
\]
Then \(A,B\) are odd and coprime.  
From (4) we obtain
\[
AB=2^{d}-1. \tag{6}
\]

Because \(7^{b}-1\) is divisible by \(3\) and \(2^{c}\) is not, we have \(3\mid(2^{d}-1)\).  
Thus \(2^{d}\equiv1\pmod3\), which forces \(d\) to be even. Write \(d=2e\). Then
\[
2^{d}-1=(2^{e}-1)(2^{e}+1).
\]
The factors \(2^{e}-1\) and \(2^{e}+1\) are coprime. Since \(A\) and \(B\) are coprime and multiply to the same number, the unordered pair \(\{A,B\}\) must equal \(\{2^{e}-1,2^{e}+1\}\).

---

**Subcase 2a: \(k\) odd.**  
From (5), \(u=1,\ v=3\). Hence
\[
A=\frac{7^{k}-1}{2},\qquad B=\frac{7^{k}+1}{8}.
\]
For \(k=1\) we have \(A=3,\ B=1\). For \(k>1\) odd, \(A>B\) (since
\(A-B=\frac{3\cdot7^{k}-5}{8}>0\)). Thus we must have
\[
A=2^{e}+1,\qquad B=2^{e}-1.
\]
Then \(A-B=2\) gives
\[
\frac{7^{k}-1}{2}-\frac{7^{k}+1}{8}=2
\;\Longrightarrow\;4(7^{k}-1)-(7^{k}+1)=16
\;\Longrightarrow\;3\cdot7^{k}=21.
\]
Hence \(7^{k}=7\) and \(k=1\). This yields \(b=2\), \(e=1\), \(d=2\), \(c=4+v_2(1)=4\), and \(a=c+d=6\). Thus \((a,b,c)=(6,2,4)\).

---

**Subcase 2b: \(k\) even.**  
From (5), \(u=3+v_2(k)\ge4\), \(v=1\). Then
\[
A=\frac{7^{k}-1}{2^{u}},\qquad B=\frac{7^{k}+1}{2}.
\]
For \(k\ge2\) we have \(A<B\) (e.g. \(k=2\) gives \(A=3,\ B=25\)). Therefore
\[
A=2^{e}-1,\qquad B=2^{e}+1.
\]
The condition \(B-A=2\) becomes
\[
\frac{7^{k}+1}{2}-\frac{7^{k}-1}{2^{u}}=2.
\]
Multiply by \(2^{u}\):
\[
(7^{k}+1)2^{u-1}-(7^{k}-1)=2^{u+1}
\;\Longrightarrow\;7^{k}(2^{u-1}-1)=3\cdot2^{u-1}-1.
\]
Let \(X=2^{u-1}=2^{2+v_2(k)}\). Then
\[
7^{k}(X-1)=3X-1\;\Longrightarrow\;(7^{k}-3)X=7^{k}-1
\;\Longrightarrow\;X=\frac{7^{k}-1}{7^{k}-3}.
\]
Since \(X\) is a power of \(2\), the fraction must be an integer. But
\[
\frac{7^{k}-1}{7^{k}-3}=1+\frac{2}{7^{k}-3},
\]
and for \(k\ge1\) we have \(7^{k}-3\ge4\), so the right‑hand side is not an integer. Hence no solutions.

---

Therefore the only solutions are
\[
\boxed{(a,b,c)=(3,1,1)\ \text{and}\ (6,2,4)}.
\]"
PB-Basic-024,Basic,Number theory,IMO-medium,7.0,"We are to find all non‑negative integers \(a,b,c\) satisfying  
\[
20^a + b^4 = 2024^c.
\]

**Case \(c=0\).**  
Then \(2024^0=1\) and the equation becomes \(20^a + b^4 = 1\).  
Since \(20^a\ge1\) and \(b^4\ge0\), the only possibility is \(a=0,\;b=0\).  
Thus \((a,b,c)=(0,0,0)\) is a solution.

**Case \(c\ge 1\).**  
Because \(2024 = 11\cdot 184\), we have \(2024^c\equiv0\pmod{11}\).  
Hence the equation modulo \(11\) gives  
\[
20^a + b^4 \equiv 0 \pmod{11}. \tag{1}
\]

Compute the possible residues modulo \(11\) of \(20^a\) and of \(b^4\).

* \(20\equiv9\pmod{11}\), so \(20^a\equiv9^a\pmod{11}\).  
  The powers of \(9\) modulo \(11\) cycle with period \(5\):
  \[
  9^1\equiv9,\; 9^2\equiv4,\; 9^3\equiv3,\; 9^4\equiv5,\; 9^5\equiv1,\; 9^6\equiv9,\dots
  \]
  Therefore \(20^a\pmod{11}\) can only be \(1,3,4,5,9\).

* For any integer \(b\), \(b^4\pmod{11}\) can be computed by checking the residues \(0,\dots,10\):
  \[
  \begin{array}{c|ccccccccccc}
  b\bmod11 & 0 & 1 & 2 & 3 & 4 & 5 & 6 & 7 & 8 & 9 & 10\\\hline
  b^4\bmod11 & 0 & 1 & 5 & 4 & 3 & 9 & 9 & 3 & 4 & 5 & 1
  \end{array}
  \]
  Hence \(b^4\pmod{11}\) can only be \(0,1,3,4,5,9\).

Now examine equation (1).  If \(b\equiv0\pmod{11}\) then \(b^4\equiv0\), and (1) would require \(20^a\equiv0\pmod{11}\), which is impossible because \(20\) is not divisible by \(11\).  Thus \(b\not\equiv0\pmod{11}\) and consequently \(b^4\not\equiv0\pmod{11}\).  So \(b^4\pmod{11}\in\{1,3,4,5,9\}\).

We need \(20^a\equiv -b^4\pmod{11}\).  The possible values of \(-b^4\pmod{11}\) are:
\[
b^4\equiv1 \Rightarrow -1\equiv10,\qquad
b^4\equiv3 \Rightarrow -3\equiv8,\qquad
b^4\equiv4 \Rightarrow -4\equiv7,\qquad
b^4\equiv5 \Rightarrow -5\equiv6,\qquad
b^4\equiv9 \Rightarrow -9\equiv2.
\]
None of \(10,8,7,6,2\) belongs to the set \(\{1,3,4,5,9\}\) that \(20^a\) can attain.  Therefore (1) cannot hold for any non‑negative integers \(a,b\) when \(c\ge1\).

Consequently there are no solutions with \(c\ge1\).

The only solution is \((a,b,c)=(0,0,0)\).

\[
\boxed{(a,b,c)=(0,0,0)}
\]"
PB-Basic-025,Basic,Geometry,IMO-easy,7.0,"Let the sides of triangle \(XYZ\) be denoted by \(a=YZ\), \(b=XZ\), \(c=XY\).  Place the origin at \(X\) and let the unit vectors along \(XY\) and \(XZ\) be \(\mathbf{u}\) and \(\mathbf{v}\) respectively.  Then
\[
Y = c\,\mathbf{u},\qquad Z = b\,\mathbf{v}.
\]
Set \(d = \mathbf{u}\cdot\mathbf{v} = \cos\angle X\).

Because \(M\) lies on \(XY\) and \(YM = a\), the point \(M\) is given by
\[
M = Y - \frac{a}{c}\,(Y-X) = \bigl(1-\frac{a}{c}\bigr)Y = (c-a)\,\mathbf{u}.
\]
Similarly, \(N\) lies on \(XZ\) with \(ZN = a\), so
\[
N = Z - \frac{a}{b}\,(Z-X) = (b-a)\,\mathbf{v}.
\]

The circumcenter \(O\) satisfies \(OX = OY = OZ\).  Since \(X=0\), the equalities \(|O|=|O-Y|\) and \(|O|=|O-Z|\) give
\[
O\cdot\mathbf{u} = \frac{c}{2},\qquad O\cdot\mathbf{v} = \frac{b}{2}.
\]
Write \(O = p\mathbf{u}+q\mathbf{v}\).  Then
\[
p+qd = \frac{c}{2},\qquad pd+q = \frac{b}{2}.
\]
Solving (using \(1-d^2\neq0\) because the triangle is non‑degenerate) yields
\[
p = \frac{c-bd}{2(1-d^2)},\qquad q = \frac{b-cd}{2(1-d^2)}.
\]

The incenter \(I\) is the weighted average of the vertices:
\[
I = \frac{aX+bY+cZ}{a+b+c} = \frac{bY+cZ}{a+b+c}
    = \frac{bc\,\mathbf{u}+bc\,\mathbf{v}}{a+b+c}
    = \frac{bc}{S}\,(\mathbf{u}+\mathbf{v}),\qquad S=a+b+c.
\]

Now compute the vectors
\[
\overrightarrow{MN}= N-M = (b-a)\mathbf{v}-(c-a)\mathbf{u},
\]
\[
\overrightarrow{OI}= I-O = \Bigl(\frac{bc}{S}-p\Bigr)\mathbf{u}
                     +\Bigl(\frac{bc}{S}-q\Bigr)\mathbf{v}.
\]

Their dot product is
\[
\begin{aligned}
\overrightarrow{MN}\cdot\overrightarrow{OI}
&= \bigl((b-a)\mathbf{v}-(c-a)\mathbf{u}\bigr)\cdot
   \Bigl(\bigl(\frac{bc}{S}-p\bigr)\mathbf{u}+\bigl(\frac{bc}{S}-q\bigr)\mathbf{v}\Bigr)\\
&= (b-a)\Bigl[\bigl(\frac{bc}{S}-p\bigr)d+\bigl(\frac{bc}{S}-q\bigr)\Bigr]
   - (c-a)\Bigl[\bigl(\frac{bc}{S}-p\bigr)+\bigl(\frac{bc}{S}-q\bigr)d\Bigr].
\end{aligned}
\]

Using the expressions for \(p\) and \(q\) we obtain the two useful identities
\[
pd+q = \frac{b}{2},\qquad p+qd = \frac{c}{2}.
\]
(Indeed, \(pd+q = \frac{d(c-bd)+(b-cd)}{2(1-d^2)} = \frac{b(1-d^2)}{2(1-d^2)} = \frac{b}{2}\), and similarly for \(p+qd\).)

Substituting these,
\[
\begin{aligned}
\overrightarrow{MN}\cdot\overrightarrow{OI}
&= (b-a)\Bigl[\frac{bc}{S}(1+d)-\frac{b}{2}\Bigr]
   - (c-a)\Bigl[\frac{bc}{S}(1+d)-\frac{c}{2}\Bigr]\\
&= \frac{bc}{S}(1+d)\bigl[(b-a)-(c-a)\bigr]
   - (b-a)\frac{b}{2} + (c-a)\frac{c}{2}\\
&= \frac{bc}{S}(1+d)(b-c) + \frac{1}{2}\bigl[c(c-a)-b(b-a)\bigr].
\end{aligned}
\]

Now
\[
c(c-a)-b(b-a) = c^2-ac-b^2+ab = (c^2-b^2)+a(b-c)
               = (c-b)(c+b)-a(c-b) = (c-b)(c+b-a) = -(b-c)(b+c-a).
\]
Thus
\[
\overrightarrow{MN}\cdot\overrightarrow{OI}
= (b-c)\Bigl[\frac{bc}{S}(1+d)-\frac{b+c-a}{2}\Bigr].
\]

By the law of cosines,
\[
d = \frac{b^2+c^2-a^2}{2bc}.
\]
Hence
\[
1+d = \frac{2bc+b^2+c^2-a^2}{2bc}
     = \frac{(b+c)^2-a^2}{2bc}
     = \frac{(b+c-a)(b+c+a)}{2bc}
     = \frac{(b+c-a)S}{2bc}.
\]
Therefore
\[
\frac{bc}{S}(1+d) = \frac{b+c-a}{2},
\]
so the bracket in the dot product vanishes.  Consequently
\[
\overrightarrow{MN}\cdot\overrightarrow{OI}=0,
\]
i.e. \(MN\perp OI\).  Hence the angle \(\gamma\) between the lines \(MN\) and \(OI\) is \(90^\circ\), and
\[
\frac{\gamma}{2}=45^\circ.
\]

The argument does not depend on the ordering of the sides; the special cases \(b=c\) or \(a=b\) (which make some factors zero) are covered because the identities still hold."
PB-Basic-026,Basic,Geometry,IMO-medium,6.75,"We work in the complex plane with the incircle \((I)\) as the unit circle centered at \(I=0\).  Let the points of tangency be  
\[
D=1,\qquad E=e,\qquad F=f,
\]  
where \(|e|=|f|=1\).

**Vertices of \(\triangle ABC\).**  
The sides are the tangents to the incircle at these points.  Intersecting the tangents gives  
\[
A=\frac{2ef}{e+f},\qquad B=\frac{2f}{f+1},\qquad C=\frac{2e}{e+1}.
\]

**Reflections.**  
The line \(AI\) passes through \(0\) and \(A\).  Reflecting \(D\) across this line gives  
\[
D'=\frac{A}{\bar A}=ef.
\]  
Similarly,  
\[
E'=\frac{fd}{e}=\frac{f}{e},\qquad F'=\frac{de}{f}=\frac{e}{f}.
\]

**Centroid of \(\triangle DEF\).**  
\[
G=\frac{D+E+F}{3}=\frac{1+e+f}{3}.
\]

**Circumcenter \(O\).**  
Set \(T=(1+e)(1+f)(e+f)\) and consider  
\[
O=\frac{2ef(1+e+f)}{T}.
\]  
We compute  
\[
\begin{aligned}
O-A &= \frac{2ef(1+e+f)}{T}-\frac{2ef}{e+f}
     = \frac{2ef}{T}\bigl((1+e+f)-(1+e)(1+f)\bigr)
     = -\frac{2e^2f^2}{T},\\[2mm]
O-B &= \frac{2ef(1+e+f)}{T}-\frac{2f}{f+1}
     = \frac{2f}{T}\bigl(e(1+e+f)-(1+e)(e+f)\bigr)
     = -\frac{2f^2}{T},\\[2mm]
O-C &= \frac{2ef(1+e+f)}{T}-\frac{2e}{e+1}
     = -\frac{2e^2}{T}.
\end{aligned}
\]  
Because \(|e|=|f|=1\), we have \(|O-A|^2=|O-B|^2=|O-C|^2=4/|T|^2\); hence \(O\) is the circumcenter.  Moreover,  
\[
O=\frac{2ef}{T}\,(1+e+f)
\]  
and the factor \(2ef/T\) is real (its conjugate equals itself), so \(O\) is a real multiple of \(1+e+f\).  Therefore \(I=0\), \(G\), and \(O\) are collinear; i.e., \(G\) lies on the line \(OI\).

**The point \(X\).**  
Let \(X\) be the point where the circle \((W_a)\) through \(B\) and \(C\) is tangent to the incircle.  Its center \(O_a\) lies on \(IX\), so \(O_a=\lambda X\) with \(\lambda\in\mathbb R\).  The radius is \(|\lambda-1|\).  Since \(B\) and \(C\) lie on \((W_a)\),  
\[
|B-\lambda X|^2=(\lambda-1)^2,\qquad |C-\lambda X|^2=(\lambda-1)^2.
\]  
Expanding the first equality gives  
\[
|B|^2-1=2\lambda\bigl(\operatorname{Re}(B\bar X)-1\bigr),
\]  
and similarly for \(C\).  Eliminating \(\lambda\) yields  
\[
\frac{|B|^2-1}{\operatorname{Re}(B\bar X)-1}=\frac{|C|^2-1}{\operatorname{Re}(C\bar X)-1}. \tag{1}
\]

Now compute  
\[
|B|^2=\frac{4}{|f+1|^2}=\frac{4f}{(f+1)^2},\qquad
|C|^2=\frac{4e}{(e+1)^2},
\]  
so  
\[
|B|^2-1=-\frac{(f-1)^2}{(f+1)^2},\qquad
|C|^2-1=-\frac{(e-1)^2}{(e+1)^2}.
\]  
Set \(u=\dfrac{f}{f+1},\;v=\dfrac{e}{e+1}\); then \(\operatorname{Re}(B\bar X)-1=2\operatorname{Re}(u\bar X)-1\), \(\operatorname{Re}(C\bar X)-1=2\operatorname{Re}(v\bar X)-1\).  Equation (1) becomes  
\[
\frac{(f-1)^2}{(f+1)^2}\bigl(2\operatorname{Re}(v\bar X)-1\bigr)=
\frac{(e-1)^2}{(e+1)^2}\bigl(2\operatorname{Re}(u\bar X)-1\bigr). \tag{2}
\]  
Writing \(2\operatorname{Re}(z\bar X)=z\bar X+\bar z X\) and clearing denominators we obtain  
\[
(f-1)^2(e+1)\bigl(e\bar X+X-e-1\bigr)=(e-1)^2(f+1)\bigl(f\bar X+X-f-1\bigr). \tag{3}
\]  
Expanding (3) and collecting terms gives  
\[
\bigl[(f-1)^2e(e+1)-(e-1)^2f(f+1)\bigr]\bar X+
\bigl[(f-1)^2(e+1)-(e-1)^2(f+1)\bigr]X=(f-1)^2(e+1)^2-(e-1)^2(f+1)^2.
\]  
Using the identities  
\[
\begin{aligned}
(f-1)^2e(e+1)-(e-1)^2f(f+1) &= (e-f)(e+f+1-3ef),\\
(f-1)^2(e+1)-(e-1)^2(f+1) &= -(e-f)(ef+e+f-3),\\
(f-1)^2(e+1)^2-(e-1)^2(f+1)^2 &= -4(e-f)(ef-1),
\end{aligned}
\]  
and dividing by \(e-f\) (the case \(e=f\) corresponds to an isosceles triangle and can be treated separately or by continuity), we obtain  
\[
(e+f+1-3ef)\bar X-(ef+e+f-3)X=-4(ef-1).
\]  
Multiplying by \(-1\) and rearranging yields  
\[
(ef+e+f-3)X+(3ef-e-f-1)\bar X=4(ef-1). \tag{4}
\]  
Because \(|X|=1\), we have \(\bar X=1/X\).  Substituting into (4) gives the quadratic equation  
\[
(ef+e+f-3)X^2-4(ef-1)X+(3ef-e-f-1)=0. \tag{5}
\]  
One root is \(X=1\) (the degenerate case where the circle touches at \(D\)).  The other root is  
\[
X=\frac{3ef-e-f-1}{ef+e+f-3}. \tag{6}
\]

**Collinearity of \(D',X,G\).**  
From \(D'=ef\) and \(G=(1+e+f)/3\) we have  
\[
D'-G=\frac{3ef-e-f-1}{3},
\]  
\[
X-G=\frac{3ef-e-f-1}{ef+e+f-3}-\frac{1+e+f}{3}
     =\frac{8ef-ef(e+f)-(e+f)^2-(e+f)}{3(ef+e+f-3)}.
\]  
Hence  
\[
\frac{D'-G}{X-G}=
\frac{(3ef-e-f-1)(ef+e+f-3)}{8ef-ef(e+f)-(e+f)^2-(e+f)}. \tag{7}
\]  
Let \(p=ef\), \(s=e+f\).  Then the numerator is \((3p-s-1)(p+s-3)\) and the denominator is \(8p-ps-s^2-s\).  Using \(|e|=|f|=1\) we have \(\bar p=1/p\) and \(\bar s=s/p\).  A direct computation shows  
\[
\overline{(3p-s-1)(p+s-3)}=\frac{(3p-s-1)(p+s-3)}{p^2},\qquad
\overline{(8p-ps-s^2-s)}=\frac{8p-ps-s^2-s}{p^2}.
\]  
Therefore the quotient in (7) equals its own conjugate, so it is real.  Consequently \(D',X,G\) are collinear.

**The other two lines.**  
By symmetry (cyclic permutation of the roles of the vertices), the same reasoning shows that \(E',Y,G\) are collinear and \(F',Z,G\) are collinear.  Thus the three lines \(D'X,\;E'Y,\;F'Z\) all pass through \(G\).

Since \(G\) lies on the line \(OI\), the concurrency point is on \(OI\).  This completes the proof. ∎"
PB-Basic-027,Basic,Geometry,IMO-easy,7.0,"Let triangle \(ABC\) be acute. Denote by \(D\) and \(E\) the feet of the altitudes from \(B\) and \(C\), respectively.  
Let \(E_1\) and \(E_2\) be the reflections of \(E\) across \(AC\) and \(BC\).  
Let \(O\) be the circumcenter of \(\triangle CE_1E_2\) and let \(X\neq C\) be the second intersection of the circumcircle of \(\triangle CE_1E_2\) with line \(AC\).  
Let \(O'\) be the circumcenter of \(\triangle ABC\). We prove that \(XO\perp DE\).

---

**Lemma 1.** \(DE\) is antiparallel to \(BC\); consequently \(DE\perp O'A\).

*Proof.* Because \(\angle BEC=\angle BDC=90^\circ\), the points \(B,C,E,D\) are concyclic with \(BC\) as diameter.  
In this circle \(\angle EDB=\angle ECB\).  
Since \(BD\perp AC\), we have \(\angle ADB=90^\circ\) and therefore \(\angle EDB=90^\circ-\angle ADE\).  
In right triangle \(CEB\), \(\angle ECB=90^\circ-\angle ABC\). Hence  
\[
90^\circ-\angle ADE=90^\circ-\angle ABC\quad\Longrightarrow\quad\angle ADE=\angle ABC.
\]  
Because \(\angle DAE=\angle BAC\), triangles \(ADE\) and \(ABC\) are similar; thus \(\angle AED=\angle ACB\).  
Hence \(DE\) is antiparallel to \(BC\). The tangent to the circumcircle of \(ABC\) at \(A\) is also antiparallel to \(BC\); therefore \(DE\) is parallel to that tangent.  
The radius \(O'A\) is perpendicular to the tangent, so \(O'A\perp DE\). ∎

---

**Lemma 2.** \(O\) lies on the line \(CO'\).

*Proof.* Because \(C\) lies on the reflecting lines, we have \(CE=CE_1=CE_2\). Thus \(\triangle CE_1E_2\) is isosceles with vertex \(C\); its circumcenter \(O\) lies on the perpendicular bisector of \(E_1E_2\), which is also the internal angle bisector of \(\angle E_1CE_2\).  
We compute \(\angle E_1CE_2\). Let the directed angles be taken modulo \(180^\circ\).  
Take \(AC\) as reference. Denote \(\gamma=\angle ACB\).  
Let \(\theta=\angle(AC,CE)\). Since \(CE\perp AB\) and \(\angle(AC,AB)=A\), we have \(\theta=90^\circ-A\).  
Reflection across \(AC\) sends a line to its symmetric image; thus \(\angle(AC,CE_1)=-\theta\).  
Reflection across \(BC\) (which makes angle \(\gamma\) with \(AC\)) sends a line to one making angle \(2\gamma-\alpha\) with \(AC\); therefore \(\angle(AC,CE_2)=2\gamma-\theta\).  
Consequently  
\[
\angle E_1CE_2=(2\gamma-\theta)-(-\theta)=2\gamma.
\]  
So \(\angle E_1CE_2=2\angle ACB\).  
The bisector of this angle makes an angle of \(\gamma\) with each side. Its direction from \(AC\) is the average of the directions of \(CE_1\) and \(CE_2\):  
\[
\frac{-\theta+(2\gamma-\theta)}{2}=\gamma-\theta.
\]  
Substituting \(\theta=90^\circ-A\) and using \(A+B+C=180^\circ\) (so \(\gamma=C\)),  
\[
\gamma-\theta=C-(90^\circ-A)=C+A-90^\circ=90^\circ-B.
\]  
Hence the bisector makes an angle of \(90^\circ-B\) with \(AC\).  

Now consider the circumcenter \(O'\) of \(\triangle ABC\). In the isosceles triangle \(O'CA\) we have \(O'A=O'C\) and \(\angle CO'A=2\angle CBA=2B\). Therefore  
\[
\angle O'CA=\frac{180^\circ-2B}{2}=90^\circ-B.
\]  
Thus the ray \(CO'\) also makes an angle of \(90^\circ-B\) with \(AC\). Hence the bisector of \(\angle E_1CE_2\) coincides with the line \(CO'\).  
Since \(O\) lies on that bisector, \(O\in CO'\). ∎

---

**Lemma 3.** \(XO\parallel O'A\).

*Proof.* Place the triangle in a coordinate system with \(C\) at the origin and \(CA\) on the positive \(x\)-axis.  
Let \(A=(b,0)\) where \(b=CA\). Because of Lemma 2, the points \(O\), \(C\), \(O'\) are collinear; let the ray \(CO'\) make an angle \(\varphi=90^\circ-B\) with the positive \(x\)-axis.  
Write  
\[
O=(R\cos\varphi,R\sin\varphi),\qquad O'=(R'\cos\varphi,R'\sin\varphi),
\]  
where \(R=CO\), \(R'=CO'\).  
Since \(X\) is the second intersection of the circle \((CE_1E_2)\) with \(AC\) and \(C\) is one intersection, the chord \(CX\) lies on the \(x\)-axis. The perpendicular bisector of \(CX\) passes through \(O\) and is perpendicular to \(AC\); therefore the foot of the perpendicular from \(O\) to \(AC\) is the midpoint \(M\) of \(CX\).  
Thus \(M=(R\cos\varphi,0)\) and \(X=(2R\cos\varphi,0)\).  

Now  
\[
XO=O-X=(-R\cos\varphi,R\sin\varphi),
\qquad
O'A=A-O'=(b-R'\cos\varphi,-R'\sin\varphi).
\]  
We show these vectors are parallel.  
If a scalar \(\lambda\) exists such that \((b-R'\cos\varphi,-R'\sin\varphi)=\lambda(-R\cos\varphi,R\sin\varphi)\), then from the second component  
\[
-R'\sin\varphi=\lambda R\sin\varphi\;\Longrightarrow\;\lambda=-\frac{R'}{R}.
\]  
Substituting into the first component gives  
\[
b-R'\cos\varphi=\left(-\frac{R'}{R}\right)(-R\cos\varphi)=R'\cos\varphi,
\]  
so \(b=2R'\cos\varphi\).  
By the law of sines in \(\triangle ABC\), \(b=2R'\sin B\). Since \(\varphi=90^\circ-B\), \(\cos\varphi=\sin B\); hence \(b=2R'\cos\varphi\) holds.  
Thus the proportionality is satisfied, and \(XO\parallel O'A\). ∎

---

From Lemma 1 we have \(DE\perp O'A\), and from Lemma 3 we have \(XO\parallel O'A\). Therefore \(XO\perp DE\). ∎"
PB-Basic-028,Basic,Geometry,IMO-medium,6.0,"Let \(\triangle ABC\) be a triangle with altitudes \(BE,CF\) intersecting at \(H\).  
Denote \(a=BC,\;b=CA,\;c=AB\) and \(\angle A = 2\alpha\) (so \(\alpha = A/2\)).  
Place \(A\) at the origin and let the internal bisector of \(\angle A\) be the positive \(x\)-axis.  
Then the rays \(AB\) and \(AC\) have directions \((\cos\alpha,-\sin\alpha)\) and \((\cos\alpha,\sin\alpha)\) respectively; hence  

\[
A=(0,0),\qquad B=(c\cos\alpha,\,-c\sin\alpha),\qquad C=(b\cos\alpha,\,b\sin\alpha).
\]

---

### 1.  The incenter \(I'\) of \(\triangle AEF\)

The feet of the altitudes are  

\[
E=(c\cos2\alpha\cos\alpha,\;c\cos2\alpha\sin\alpha),\qquad
F=(b\cos2\alpha\cos\alpha,\;-b\cos2\alpha\sin\alpha).
\]

Because \(BE\perp AC\) and \(CF\perp AB\), \(\triangle AEF\sim\triangle ABC\) with factor \(\cos2\alpha\).  
Using the barycentric formula for the incenter,

\[
I'=\frac{EF\cdot A+AF\cdot E+AE\cdot F}{AE+AF+EF}
   =\frac{bE+cF}{a+b+c}.
\]

Substituting the coordinates gives  

\[
I'=\Bigl(\frac{2bc\cos2\alpha\cos\alpha}{a+b+c},\,0\Bigr),
\]

so  

\[
AI'=\frac{2bc\cos2\alpha\cos\alpha}{a+b+c}. \tag{1}
\]

---

### 2.  The circle \((W)\)

Since \((W)\) is tangent to \(AB\) and \(AC\), its centre \(W\) lies on the angle bisector.  
Let \(AW=d>0\).  The distance from \(W\) to the line \(AB\) is \(d\sin\alpha\); therefore the radius is \(r=d\sin\alpha\).  
The points of tangency are  

\[
X=(d\cos^2\alpha,\,-d\sin\alpha\cos\alpha),\qquad
Y=(d\cos^2\alpha,\,d\sin\alpha\cos\alpha),
\]

and consequently  

\[
AX=AY=d\cos\alpha. \tag{2}
\]

---

### 3.  The Euler circle \((E)\) (nine‑point circle)

The circumcenter \(O\) and orthocenter \(H\) are  

\[
O=\Bigl(\frac{b+c}{4\cos\alpha},\;\frac{b-c}{4\sin\alpha}\Bigr),\qquad
H=\Bigl(\frac{(b+c)\cos2\alpha}{2\cos\alpha},\;-\frac{(b-c)\cos2\alpha}{2\sin\alpha}\Bigr).
\]

The nine‑point centre \(N\) is the midpoint of \(OH\):

\[
N=\Bigl(\frac{(b+c)(1+2\cos2\alpha)}{8\cos\alpha},\;
          \frac{(b-c)(1-2\cos2\alpha)}{8\sin\alpha}\Bigr). \tag{3}
\]

The nine‑point radius is \(R_N=R/2\), where \(R\) is the circumradius.  
Using \(R=\dfrac{a}{2\sin2\alpha}=\dfrac{a}{4\sin\alpha\cos\alpha}\), we obtain  

\[
R_N=\frac{a}{8\sin\alpha\cos\alpha},\qquad R_N\sin\alpha=\frac{a}{8\cos\alpha}. \tag{4}
\]

Now compute \(AN^2-R_N^2\).  The nine‑point circle passes through the midpoint \(M\) of \(AB\) and the foot \(F\) of the altitude from \(C\); both lie on \(AB\).  Hence the power of \(A\) with respect to the nine‑point circle is  

\[
AM\cdot AF = \frac{c}{2}\cdot b\cos2\alpha = \frac{bc\cos2\alpha}{2}.
\]

But the power also equals \(AN^2-R_N^2\); therefore  

\[
AN^2-R_N^2=\frac{bc\cos2\alpha}{2}. \tag{5}
\]

---

### 4.  Tangency condition and determination of \(d\)

The circles \((W)\) and \((E)\) are externally tangent, so  

\[
|WN|=R_N+r=R_N+d\sin\alpha.
\]

Squaring and using \(W=(d,0)\) gives  

\[
(d-N_x)^2+N_y^2 = (R_N+d\sin\alpha)^2,
\]

which simplifies to  

\[
\cos^2\alpha\,d^2-2d\bigl(N_x+R_N\sin\alpha\bigr)+\bigl(AN^2-R_N^2\bigr)=0. \tag{6}
\]

From (3) and (4),

\[
N_x+R_N\sin\alpha=\frac{(b+c)(1+2\cos2\alpha)+a}{8\cos\alpha}. \tag{7}
\]

Substituting (5) and (7) into (6) and multiplying by \(8\cos\alpha\) yields the quadratic  

\[
8\cos^3\alpha\,d^2-2d\bigl[(b+c)(1+2\cos2\alpha)+a\bigr]+4bc\cos2\alpha\cos\alpha=0. \tag{8}
\]

We claim that  

\[
d_0=\frac{bc\cos2\alpha}{(a+b+c)\cos\alpha}
\]

satisfies (8).  Substitute \(d_0\) into (8) and multiply by \(S^2\cos\alpha\) where \(S=a+b+c\):

\[
8b^2c^2\cos^2\!2\alpha\cos^2\alpha
   -2S bc\cos2\alpha\bigl[(b+c)(1+2\cos2\alpha)+a\bigr]
   +4S^2 bc\cos2\alpha\cos^2\alpha=0.
\]

Dividing by \(bc\cos2\alpha\) (which is positive, as will be seen) and using \(\cos^2\alpha=\frac{1+\cos2\alpha}{2}\) gives  

\[
4bc\cos2\alpha(1+\cos2\alpha)
   -2S\bigl[(b+c)(1+2\cos2\alpha)+a\bigr]
   +2S^2(1+\cos2\alpha)=0. \tag{9}
\]

Now expand the term containing \(S\):

\[
S\bigl[(b+c)(1+2\cos2\alpha)+a\bigr]
   = S\bigl[(S-a)(1+2\cos2\alpha)+a\bigr]
   = S^2(1+2\cos2\alpha)-2aS\cos2\alpha.
\]

Insert this into (9):

\[
4bc\cos2\alpha(1+\cos2\alpha)-2S^2(1+2\cos2\alpha)+4aS\cos2\alpha+2S^2(1+\cos2\alpha)=0.
\]

Combine the \(S^2\) terms: \(-2S^2(1+2\cos2\alpha)+2S^2(1+\cos2\alpha)=-2S^2\cos2\alpha\).  Hence  

\[
4bc\cos2\alpha(1+\cos2\alpha)-2S^2\cos2\alpha+4aS\cos2\alpha=0.
\]

Divide by \(2\cos2\alpha\) (nonzero) and rearrange:

\[
2bc(1+\cos2\alpha)-S^2+2aS=0. \tag{10}
\]

Now use the identity  

\[
S^2-2aS = (a+b+c)^2-2a(a+b+c)=b^2+c^2-a^2+2bc
        =2bc(1+\cos2\alpha),
\]

which follows from the law of cosines \(a^2=b^2+c^2-2bc\cos2\alpha\).  
Thus \(S^2=2aS+2bc(1+\cos2\alpha)\).  Substituting into (10) gives  

\[
2bc(1+\cos2\alpha)-\bigl(2aS+2bc(1+\cos2\alpha)\bigr)+2aS=0,
\]

which is identically true.  Therefore \(d_0\) is a root of (8).

The quadratic (8) has two positive roots; the product is  

\[
\frac{4bc\cos2\alpha\cos\alpha}{8\cos^3\alpha}=\frac{bc\cos2\alpha}{2\cos^2\alpha},
\]

so the other root is  

\[
d_1=\frac{bc\cos2\alpha}{2\cos^2\alpha}\Big/\frac{bc\cos2\alpha}{S\cos\alpha}
     =\frac{S}{2\cos\alpha}.
\]

Since \(d_0<d_1\) (because \(2bc\cos2\alpha<S^2\) by the law of cosines), and the problem states that \((W)\) is the circle closer to \(A\) than the Euler circle, we take the smaller root.  Moreover, \(d_0>0\) forces \(\cos2\alpha>0\); hence \(\angle A=2\alpha<90^\circ\) and the triangle is acute.

---

### 5.  Proving \(AXI'Y\) is a rhombus

From (2) and the value of \(d\),

\[
AX = d_0\cos\alpha = \frac{bc\cos2\alpha}{a+b+c}. \tag{11}
\]

From (1) and \(d_0\),

\[
AI' = \frac{2bc\cos2\alpha\cos\alpha}{a+b+c} = 2d_0\cos^2\alpha. \tag{12}
\]

Now compute \(XI'\) using the coordinates of \(X\) and \(I'\) (with \(A\) at the origin):

\[
\begin{aligned}
XI'^2 &= \bigl(AI'-d_0\cos^2\alpha\bigr)^2 + \bigl(d_0\sin\alpha\cos\alpha\bigr)^2 \\
      &= \bigl(2d_0\cos^2\alpha-d_0\cos^2\alpha\bigr)^2 + d_0^2\sin^2\alpha\cos^2\alpha \\
      &= d_0^2\cos^4\alpha + d_0^2\sin^2\alpha\cos^2\alpha \\
      &= d_0^2\cos^2\alpha(\cos^2\alpha+\sin^2\alpha) = d_0^2\cos^2\alpha = AX^2.
\end{aligned}
\]

Thus \(XI' = AX\).  By symmetry (or an identical computation with \(Y\)), we also have \(I'Y = AX\).  Together with \(AX=AY\) from (2), all four sides of quadrilateral \(AXI'Y\) are equal.  The points are in the order \(A,X,I',Y\) and the quadrilateral is convex (the triangle is acute, so \(I'\) lies on the bisector inside the angle).  Therefore \(AXI'Y\) is a rhombus. ∎"
PB-Basic-029,Basic,Geometry,IMO-medium,6.0,"We prove that the minimum number of red points is \(\binom{p+2}{2}\).

---
### 1.  Upper bound (construction)

Take \(p+2\) lines in general position (no two parallel, no three concurrent) and any point \(O\) not on any of them.  
For any intersection point \(X\) of two of these lines, the open segment \(OX\) can intersect at most the other \(p\) lines (since only \(p\) lines do not pass through \(X\)). Hence \(f(X)\le p\) and \(X\) is red.  
Thus all \(\binom{p+2}{2}\) intersections are red.

If \(n>p+2\), we add the remaining lines far away in a half‑plane opposite to \(O\) so that every new intersection point lies on the opposite side of every original line.  
Then for any original intersection point \(X\) the segment \(OX\) does not meet any added line (because \(O\) and \(X\) are on the same side of each added line), so \(X\) remains red.  
For any new intersection point the segment \(OX\) crosses all \(p+2\) original lines, hence \(f(X)\ge p+2>p\) and it is not red.  
Therefore the total number of red points is still \(\binom{p+2}{2}\).  

Consequently the minimum number of red points is at most \(\binom{p+2}{2}\).

---
### 2.  Lower bound (induction on \(p\))

We show that for every arrangement of \(n\) lines and every point \(O\) not on any line, the number of red points is at least \(\binom{p+2}{2}\).

**Base case \(p=0\).**  
The cell of the arrangement that contains \(O\) is a convex polygon (possibly unbounded).  Pick any vertex \(V\) of this cell.  The segment \(OV\) lies entirely in the cell, so it meets no line; hence \(f(V)=0\) and \(V\) is red.  Thus there is at least \(1=\binom{2}{2}\) red point.

**Inductive step.**  
Assume the statement holds for \(p-1\) (\(p\ge 1\)).  Let \(S\) be a set of \(n\) lines (\(n\ge p+2\)) and let \(O\) be a point not on any line.  
Choose a line \(L\in S\) whose distance to \(O\) is minimal.  Remove \(L\) and set \(S'=S\setminus\{L\}\).

By the induction hypothesis applied to \(S'\) with parameter \(p-1\), the number of red points in \(S'\) (with respect to \(p-1\)) is at least \(\binom{(p-1)+2}{2}=\binom{p+1}{2}\).  
For any such red point \(X\in I'\) we have \(f_{S'}(X)\le p-1\).  The segment \(OX\) may or may not cross \(L\); in either case \(f_S(X)=f_{S'}(X)\) or \(f_S(X)=f_{S'}(X)+1\), so \(f_S(X)\le p\).  Hence every red point of \(S'\) is also a red point of \(S\).  Therefore we already have at least \(\binom{p+1}{2}\) red points in \(S\).

Now consider the intersection points on \(L\).  For each line \(M\in S\setminus\{L\}\) let \(Y_M=L\cap M\).  The open segment \(OY_M\) does not intersect \(L\) (its endpoint is \(Y_M\)), so \(f_S(Y_M)=f_{S'}(Y_M)\).  We prove that at least \(p+1\) of these points are red.

Place a coordinate system with \(O\) at the origin and \(L\) as the line \(y=1\) (this is possible by a similarity transformation, which preserves the ordering of distances).  The foot of the perpendicular from \(O\) to \(L\) is \(P=(0,1)\).  For any line \(M\neq L\) write its equation as \(a x+b y=1\) (possible because \(M\) does not pass through \(O\)).  Since \(L\) is the closest line to \(O\), the distance from \(O\) to \(M\) is greater than \(1\), so \(\sqrt{a^2+b^2}<1\) and consequently \(|b|<1\).  The intersection \(Y_M\) of \(M\) with \(L\) has coordinates \((t_M,1)\) where \(a t_M+b=1\); thus \(a t_M=1-b>0\).  Hence \(a\) and \(t_M\) have the same sign.

For a fixed \(Y_i\) with coordinate \(t_i\), the number of lines \(M\) (other than the line through \(Y_i\)) that separate \(O\) and \(Y_i\) is:
* if \(t_i>0\): the number of \(M\) with \(a>0\) and \(t_M<t_i\);
* if \(t_i<0\): the number of \(M\) with \(a<0\) and \(t_M>t_i\).

Thus the number of separating lines is the rank of \(Y_i\) among the points on its own side of \(P\).  Consequently \(Y_i\) is red iff its rank on that side is at most \(p+1\) (since the number of separations is one less than the rank).

Let \(R\) be the number of points \(Y_M\) with \(t_M>0\) and \(L\) the number with \(t_M<0\).  Then \(R+L=n-1\ge p+1\).  The number of red points on \(L\) is at least \(\min(R,p+1)+\min(L,p+1)\).  Because \(R+L\ge p+1\), this sum is always at least \(p+1\) (if either \(R\ge p+1\) or \(L\ge p+1\) we get \(p+1\) from that side; otherwise both are \(\le p+1\) and their sum is \(\ge p+1\)).  Hence at least \(p+1\) of the points \(Y_M\) are red.

All these \(p+1\) points lie on \(L\) and are not in \(S'\), so they are new red points distinct from those already counted.  Therefore the total number of red points in \(S\) is at least
\[
\binom{p+1}{2}+(p+1)=\binom{p+2}{2}.
\]

This completes the induction step.

---
### 3.  Conclusion

We have shown that for any configuration the number of red points is at least \(\binom{p+2}{2}\), and that this bound is attainable.  Hence the minimum number of red points is
\[
\boxed{\binom{p+2}{2}}.
\]"
PB-Basic-030,Basic,Geometry,IMO-easy,6.0,"We prove the statement using analytic geometry.  Place the trapezoid with bases \(AD\parallel BC\).  Without loss of generality, let \(A=(0,0),\; D=(d,0),\; B=(b,h),\; C=(c,h)\) with \(h>0\) and \(0<b<c<d\) (convex quadrilateral).  Then \(AB\) and \(CD\) are the legs.

Denote  
\[
L_1 = AB = \sqrt{b^{2}+h^{2}},\qquad L_2 = CD = \sqrt{(d-c)^{2}+h^{2}}.
\]  
Midpoints:  
\[
M_1 = \Bigl(\frac{b}{2},\frac{h}{2}\Bigr),\qquad M_2 = \Bigl(\frac{c+d}{2},\frac{h}{2}\Bigr).
\]  
Let  
\[
X = \frac{b-c-d}{2},\qquad\text{so that } M_1-M_2 = (X,0).
\]

For the chord \(AB\), the side opposite to \(C\) and \(D\) is where \(hx-by<0\) (since \(C,D\) satisfy \(hx-by>0\)).  A unit normal pointing to that side is  
\[
\mathbf n_1 = \frac{(-h,b)}{L_1}.
\]  
For the chord \(CD\), the side opposite to \(A\) and \(B\) is where \(hx+(d-c)y>hd\) (since \(A,B\) satisfy \(hx+(d-c)y<hd\)).  A unit normal pointing to that side is  
\[
\mathbf n_2 = \frac{(h,\,d-c)}{L_2}.
\]

Let the inscribed angle on a given side of a chord be \(\theta\).  For a chord of length \(L\) the radius is \(R = L/(2\sin\theta)\) and the signed distance from the midpoint to the centre along the normal pointing to that side equals \(-\frac{L}{2}\cot\theta\).  (If \(\theta\) is acute the centre lies on the opposite side of the chord from the vertex, giving a negative signed distance; if \(\theta\) is obtuse the centre lies on the same side, and because \(\cot\theta<0\) the expression \(-\frac{L}{2}\cot\theta\) is positive.  Hence the formula holds for all \(\theta\).)

Thus the centres are
\[
\begin{aligned}
O_1 &= M_1 - \frac{L_1}{2}\cot\alpha\,\mathbf n_1, & R_1 &= \frac{L_1}{2\sin\alpha},\\[2mm]
O_2 &= M_2 - \frac{L_2}{2}\cot\beta\,\mathbf n_2, & R_2 &= \frac{L_2}{2\sin\beta},\\[2mm]
O_3 &= M_1 - \frac{L_1}{2}\cot\beta\,\mathbf n_1, & R_3 &= \frac{L_1}{2\sin\beta},\\[2mm]
O_4 &= M_2 - \frac{L_2}{2}\cot\alpha\,\mathbf n_2, & R_4 &= \frac{L_2}{2\sin\alpha}.
\end{aligned}
\]

Now compute the squared distances between the centres.  Write \(A = \frac{L_1}{2},\; B = \frac{L_2}{2}\).  Then
\[
O_1-O_2 = (X,0) - A\cot\alpha\,\mathbf n_1 + B\cot\beta\,\mathbf n_2,
\]
\[
O_3-O_4 = (X,0) - A\cot\beta\,\mathbf n_1 + B\cot\alpha\,\mathbf n_2.
\]

Using \(\mathbf n_1\cdot\mathbf n_2 = \frac{-h^2+b(d-c)}{L_1L_2}\) and \((X,0)\cdot\mathbf n_1 = -Xh/L_1,\; (X,0)\cdot\mathbf n_2 = Xh/L_2\), together with \(A/L_1 = B/L_2 = \frac12\), we obtain
\[
\begin{aligned}
|O_1-O_2|^2 &= X^2 + A^2\cot^2\alpha + B^2\cot^2\beta + Xh(\cot\alpha+\cot\beta) \\
&\qquad + \frac12\cot\alpha\cot\beta\bigl(h^2-b(d-c)\bigr),\\[2mm]
|O_3-O_4|^2 &= X^2 + A^2\cot^2\beta + B^2\cot^2\alpha + Xh(\cot\alpha+\cot\beta) \\
&\qquad + \frac12\cot\alpha\cot\beta\bigl(h^2-b(d-c)\bigr).
\end{aligned}
\]

Apply \(\cot^2\theta = \csc^2\theta-1\):
\[
A^2\cot^2\alpha = R_1^2-\frac{L_1^2}{4},\quad
B^2\cot^2\beta = R_2^2-\frac{L_2^2}{4},\quad
A^2\cot^2\beta = R_3^2-\frac{L_1^2}{4},\quad
B^2\cot^2\alpha = R_4^2-\frac{L_2^2}{4}.
\]

Define
\[
K = X^2 - \frac{L_1^2+L_2^2}{4} + Xh(\cot\alpha+\cot\beta) + \frac12\cot\alpha\cot\beta\bigl(h^2-b(d-c)\bigr).
\]
Then
\[
|O_1-O_2|^2 = R_1^2+R_2^2+K,\qquad
|O_3-O_4|^2 = R_3^2+R_4^2+K.
\]

The hypothesis states that \(W_1\) and \(W_2\) are tangent, so either
\[
|O_1-O_2| = R_1+R_2 \quad\text{or}\quad |O_1-O_2| = |R_1-R_2|.
\]
Squaring gives
\[
|O_1-O_2|^2 = R_1^2+R_2^2 \pm 2R_1R_2,
\]
hence \(K = \pm 2R_1R_2\).

Notice that
\[
R_1R_2 = \frac{L_1}{2\sin\alpha}\cdot\frac{L_2}{2\sin\beta}
= \frac{L_1L_2}{4\sin\alpha\sin\beta}
= \frac{L_1}{2\sin\beta}\cdot\frac{L_2}{2\sin\alpha}
= R_3R_4.
\]
Thus \(K = \pm 2R_3R_4\).

Substituting into the expression for \(|O_3-O_4|^2\) yields
\[
|O_3-O_4|^2 = R_3^2+R_4^2 \pm 2R_3R_4 = (R_3\pm R_4)^2.
\]
Therefore \(|O_3-O_4| = R_3\pm R_4\), which means that the circles \(W_3\) and \(W_4\) are tangent to each other (externally for the “\(+\)” sign, internally for the “\(-\)” sign).  The degenerate case where the “\(-\)” sign gives zero (the circles coincide) is still a case of tangency.  This completes the proof."
